This is pdfTeX, Version 3.141592653-2.6-1.40.26 (TeX Live 2025/dev/Debian) (preloaded format=pdflatex 2026.2.22)  26 FEB 2026 18:22
entering extended mode
 restricted \write18 enabled.
 %&-line parsing enabled.
**flag-empires.tex
(./flag-empires.tex
LaTeX2e <2024-11-01> patch level 2
L3 programming layer <2025-01-18>
(/usr/share/texlive/texmf-dist/tex/latex/base/book.cls
Document Class: book 2024/06/29 v1.4n Standard LaTeX document class
(/usr/share/texlive/texmf-dist/tex/latex/base/bk11.clo
File: bk11.clo 2024/06/29 v1.4n Standard LaTeX file (size option)
)
\c@part=\count196
\c@chapter=\count197
\c@section=\count198
\c@subsection=\count199
\c@subsubsection=\count266
\c@paragraph=\count267
\c@subparagraph=\count268
\c@figure=\count269
\c@table=\count270
\abovecaptionskip=\skip49
\belowcaptionskip=\skip50
\bibindent=\dimen141
)
(/usr/share/texlive/texmf-dist/tex/latex/geometry/geometry.sty
Package: geometry 2020/01/02 v5.9 Page Geometry

(/usr/share/texlive/texmf-dist/tex/latex/graphics/keyval.sty
Package: keyval 2022/05/29 v1.15 key=value parser (DPC)
\KV@toks@=\toks17
)
(/usr/share/texlive/texmf-dist/tex/generic/iftex/ifvtex.sty
Package: ifvtex 2019/10/25 v1.7 ifvtex legacy package. Use iftex instead.

(/usr/share/texlive/texmf-dist/tex/generic/iftex/iftex.sty
Package: iftex 2024/12/12 v1.0g TeX engine tests
))
\Gm@cnth=\count271
\Gm@cntv=\count272
\c@Gm@tempcnt=\count273
\Gm@bindingoffset=\dimen142
\Gm@wd@mp=\dimen143
\Gm@odd@mp=\dimen144
\Gm@even@mp=\dimen145
\Gm@layoutwidth=\dimen146
\Gm@layoutheight=\dimen147
\Gm@layouthoffset=\dimen148
\Gm@layoutvoffset=\dimen149
\Gm@dimlist=\toks18
)
(/usr/share/texlive/texmf-dist/tex/latex/psnfss/mathpazo.sty
Package: mathpazo 2020/03/25 PSNFSS-v9.3 Palatino w/ Pazo Math (D.Puga, WaS) 
\symupright=\mathgroup4
)
(/usr/share/texlive/texmf-dist/tex/latex/base/fontenc.sty
Package: fontenc 2021/04/29 v2.0v Standard LaTeX package
LaTeX Font Info:    Trying to load font information for T1+ppl on input line 11
6.

(/usr/share/texlive/texmf-dist/tex/latex/psnfss/t1ppl.fd
File: t1ppl.fd 2001/06/04 font definitions for T1/ppl.
))
(/usr/share/texlive/texmf-dist/tex/latex/fancyhdr/fancyhdr.sty
Package: fancyhdr 2025/02/07 v5.2 Extensive control of page headers and footers

\f@nch@headwidth=\skip51
\f@nch@offset@elh=\skip52
\f@nch@offset@erh=\skip53
\f@nch@offset@olh=\skip54
\f@nch@offset@orh=\skip55
\f@nch@offset@elf=\skip56
\f@nch@offset@erf=\skip57
\f@nch@offset@olf=\skip58
\f@nch@offset@orf=\skip59
\f@nch@height=\skip60
\f@nch@footalignment=\skip61
\f@nch@widthL=\skip62
\f@nch@widthC=\skip63
\f@nch@widthR=\skip64
\@temptokenb=\toks19
)
(/usr/share/texlive/texmf-dist/tex/latex/l3backend/l3backend-pdftex.def
File: l3backend-pdftex.def 2024-05-08 L3 backend support: PDF output (pdfTeX)
\l__color_backend_stack_int=\count274
\l__pdf_internal_box=\box52
)
(./flag-empires.aux)
\openout1 = `flag-empires.aux'.

LaTeX Font Info:    Checking defaults for OML/cmm/m/it on input line 38.
LaTeX Font Info:    ... okay on input line 38.
LaTeX Font Info:    Checking defaults for OMS/cmsy/m/n on input line 38.
LaTeX Font Info:    ... okay on input line 38.
LaTeX Font Info:    Checking defaults for OT1/cmr/m/n on input line 38.
LaTeX Font Info:    ... okay on input line 38.
LaTeX Font Info:    Checking defaults for T1/cmr/m/n on input line 38.
LaTeX Font Info:    ... okay on input line 38.
LaTeX Font Info:    Checking defaults for TS1/cmr/m/n on input line 38.
LaTeX Font Info:    ... okay on input line 38.
LaTeX Font Info:    Checking defaults for OMX/cmex/m/n on input line 38.
LaTeX Font Info:    ... okay on input line 38.
LaTeX Font Info:    Checking defaults for U/cmr/m/n on input line 38.
LaTeX Font Info:    ... okay on input line 38.

*geometry* driver: auto-detecting
*geometry* detected driver: pdftex
*geometry* verbose mode - [ preamble ] result:
* driver: pdftex
* paper: custom
* layout: <same size as paper>
* layoutoffset:(h,v)=(0.0pt,0.0pt)
* modes: twoside 
* h-part:(L,W,R)=(72.26999pt, 307.1475pt, 54.2025pt)
* v-part:(T,H,B)=(54.2025pt, 523.9575pt, 72.26999pt)
* \paperwidth=433.62pt
* \paperheight=650.43pt
* \textwidth=307.1475pt
* \textheight=523.9575pt
* \oddsidemargin=0.0pt
* \evensidemargin=-18.06749pt
* \topmargin=-49.94128pt
* \headheight=12.0pt
* \headsep=19.8738pt
* \topskip=11.0pt
* \footskip=27.46295pt
* \marginparwidth=116.0pt
* \marginparsep=7.0pt
* \columnsep=10.0pt
* \skip\footins=10.0pt plus 4.0pt minus 2.0pt
* \hoffset=0.0pt
* \voffset=0.0pt
* \mag=1000
* \@twocolumnfalse
* \@twosidetrue
* \@mparswitchtrue
* \@reversemarginfalse
* (1in=72.27pt=25.4mm, 1cm=28.453pt)

\big@size=\dimen150
LaTeX Font Info:    Trying to load font information for OT1+ppl on input line 4
2.
(/usr/share/texlive/texmf-dist/tex/latex/psnfss/ot1ppl.fd
File: ot1ppl.fd 2001/06/04 font definitions for OT1/ppl.
)
LaTeX Font Info:    Trying to load font information for OML+zplm on input line 
42.

(/usr/share/texlive/texmf-dist/tex/latex/psnfss/omlzplm.fd
File: omlzplm.fd 2002/09/08 Fontinst v1.914 font definitions for OML/zplm.
)
LaTeX Font Info:    Trying to load font information for OMS+zplm on input line 
42.

(/usr/share/texlive/texmf-dist/tex/latex/psnfss/omszplm.fd
File: omszplm.fd 2002/09/08 Fontinst v1.914 font definitions for OMS/zplm.
)
LaTeX Font Info:    Trying to load font information for OMX+zplm on input line 
42.

(/usr/share/texlive/texmf-dist/tex/latex/psnfss/omxzplm.fd
File: omxzplm.fd 2002/09/08 Fontinst v1.914 font definitions for OMX/zplm.
)
LaTeX Font Info:    Trying to load font information for OT1+zplm on input line 
42.

(/usr/share/texlive/texmf-dist/tex/latex/psnfss/ot1zplm.fd
File: ot1zplm.fd 2002/09/08 Fontinst v1.914 font definitions for OT1/zplm.
)

[1



{/var/lib/texmf/fonts/map/pdftex/updmap/pdftex.map}{/usr/share/texlive/texmf-di
st/fonts/enc/dvips/base/8r.enc}]


Package fancyhdr Warning: \headheight is too small (12.0pt): 
(fancyhdr)                Make it at least 13.59999pt, for example:
(fancyhdr)                \setlength{\headheight}{13.59999pt}.
(fancyhdr)                You might also make \topmargin smaller:
(fancyhdr)                \addtolength{\topmargin}{-1.59999pt}.

[2

] (./flag-empires.toc
LaTeX Font Info:    Trying to load font information for TS1+ppl on input line 3
.

(/usr/share/texlive/texmf-dist/tex/latex/psnfss/ts1ppl.fd
File: ts1ppl.fd 2001/06/04 font definitions for TS1/ppl.
)

[3


]


Package fancyhdr Warning: \headheight is too small (12.0pt): 
(fancyhdr)                Make it at least 13.59999pt, for example:
(fancyhdr)                \setlength{\headheight}{13.59999pt}.
(fancyhdr)                You might also make \topmargin smaller:
(fancyhdr)                \addtolength{\topmargin}{-1.59999pt}.

[4]
Overfull \hbox (10.20268pt too wide) in paragraph at lines 129--129
 [][] []\T1/ppl/m/n/10.95 Sub-Chapter: The Rise of the Mer-chant Houses []  
 []


Overfull \hbox (0.90611pt too wide) in paragraph at lines 131--131
 [][] []\T1/ppl/m/n/10.95 Sub-Chapter: The Mil-i-tary Con-trac-tor Sys- 
 []




Package fancyhdr Warning: \headheight is too small (12.0pt): 
(fancyhdr)                Make it at least 13.59999pt, for example:
(fancyhdr)                \setlength{\headheight}{13.59999pt}.
(fancyhdr)                You might also make \topmargin smaller:
(fancyhdr)                \addtolength{\topmargin}{-1.59999pt}.

[5]
Overfull \hbox (8.71371pt too wide) in paragraph at lines 144--144
 [][] []\T1/ppl/m/n/10.95 Annalist\TS1/ppl/m/n/10.95 '\T1/ppl/m/n/10.95 s Com-m
en-tary: The Double-Edged 
 []


Overfull \hbox (7.78305pt too wide) in paragraph at lines 148--148
 [][] []\T1/ppl/m/n/10.95 Sub-Chapter: The Break-down of Tra-di-tional 
 []


Overfull \hbox (9.44704pt too wide) in paragraph at lines 162--162
 [][] []\T1/ppl/m/n/10.95 Sub-Chapter: The Bat-tle of the Float-ing Mar- 
 []




Package fancyhdr Warning: \headheight is too small (12.0pt): 
(fancyhdr)                Make it at least 13.59999pt, for example:
(fancyhdr)                \setlength{\headheight}{13.59999pt}.
(fancyhdr)                You might also make \topmargin smaller:
(fancyhdr)                \addtolength{\topmargin}{-1.59999pt}.

[6]
Overfull \hbox (12.66614pt too wide) in paragraph at lines 186--186
 [][] []\T1/ppl/m/n/10.95 Sub-Chapter: The Eco-nomic In-te-gra-tion Project [] 
 
 []


Overfull \hbox (7.41032pt too wide) in paragraph at lines 188--188
 [][] []\T1/ppl/m/n/10.95 Sub-Chapter: The De-vel-op-ment of Re-gional 
 []


Overfull \hbox (12.66614pt too wide) in paragraph at lines 190--190
 [][] []\T1/ppl/m/n/10.95 Sub-Chapter: The Eco-nomic In-te-gra-tion Project [] 
 
 []


Overfull \hbox (1.64015pt too wide) in paragraph at lines 195--195
 [][] []\T1/ppl/m/n/10.95 Witness Tes-ti-mony: The Child Hostage Ex- 
 []




Package fancyhdr Warning: \headheight is too small (12.0pt): 
(fancyhdr)                Make it at least 13.59999pt, for example:
(fancyhdr)                \setlength{\headheight}{13.59999pt}.
(fancyhdr)                You might also make \topmargin smaller:
(fancyhdr)                \addtolength{\topmargin}{-1.59999pt}.

[7]
Overfull \hbox (8.85628pt too wide) in paragraph at lines 212--212
 [][] []\T1/ppl/m/n/10.95 The Raid on the \T1/ppl/b/n/10.95 Golden Pros-per-ity
\T1/ppl/m/n/10.95 The Raid 
 []




Package fancyhdr Warning: \headheight is too small (12.0pt): 
(fancyhdr)                Make it at least 13.59999pt, for example:
(fancyhdr)                \setlength{\headheight}{13.59999pt}.
(fancyhdr)                You might also make \topmargin smaller:
(fancyhdr)                \addtolength{\topmargin}{-1.59999pt}.

[8]


Package fancyhdr Warning: \headheight is too small (12.0pt): 
(fancyhdr)                Make it at least 13.59999pt, for example:
(fancyhdr)                \setlength{\headheight}{13.59999pt}.
(fancyhdr)                You might also make \topmargin smaller:
(fancyhdr)                \addtolength{\topmargin}{-1.59999pt}.

[9]


Package fancyhdr Warning: \headheight is too small (12.0pt): 
(fancyhdr)                Make it at least 13.59999pt, for example:
(fancyhdr)                \setlength{\headheight}{13.59999pt}.
(fancyhdr)                You might also make \topmargin smaller:
(fancyhdr)                \addtolength{\topmargin}{-1.59999pt}.

[10]
Overfull \hbox (8.20975pt too wide) in paragraph at lines 311--311
 [][] []\T1/ppl/m/n/10.95 Annalist\TS1/ppl/m/n/10.95 '\T1/ppl/m/n/10.95 s Com-m
en-tary on the Sev-enth Month []  
 []




Package fancyhdr Warning: \headheight is too small (12.0pt): 
(fancyhdr)                Make it at least 13.59999pt, for example:
(fancyhdr)                \setlength{\headheight}{13.59999pt}.
(fancyhdr)                You might also make \topmargin smaller:
(fancyhdr)                \addtolength{\topmargin}{-1.59999pt}.

[11]
Overfull \hbox (18.14099pt too wide) in paragraph at lines 368--368
 [][] []\T1/ppl/m/n/10.95 R5 - Un-cer-tain Re-li-a-bil-ity (Frag-men-tary Sourc
es) []  
 []

)
\tf@toc=\write3
\openout3 = `flag-empires.toc'.




Package fancyhdr Warning: \headheight is too small (12.0pt): 
(fancyhdr)                Make it at least 13.59999pt, for example:
(fancyhdr)                \setlength{\headheight}{13.59999pt}.
(fancyhdr)                You might also make \topmargin smaller:
(fancyhdr)                \addtolength{\topmargin}{-1.59999pt}.

[12] (./flag-empires-body.tex


Package fancyhdr Warning: \headheight is too small (12.0pt): 
(fancyhdr)                Make it at least 13.59999pt, for example:
(fancyhdr)                \setlength{\headheight}{13.59999pt}.
(fancyhdr)                You might also make \topmargin smaller:
(fancyhdr)                \addtolength{\topmargin}{-1.59999pt}.

[1


]


Package fancyhdr Warning: \headheight is too small (12.0pt): 
(fancyhdr)                Make it at least 13.59999pt, for example:
(fancyhdr)                \setlength{\headheight}{13.59999pt}.
(fancyhdr)                You might also make \topmargin smaller:
(fancyhdr)                \addtolength{\topmargin}{-1.59999pt}.

[2

]
Chapter 1.

Overfull \hbox (11.67432pt too wide) in paragraph at lines 11--17
[]\T1/ppl/m/n/10.95 I am Miriam of the Long Archive, Keeper of the Sealed Recor
ds,
 []


Overfull \hbox (0.83969pt too wide) in paragraph at lines 18--28
\T1/ppl/m/n/10.95 have as-sem-bled what re-mains of the great chronicle---not m
erely
 []



[3]


Package fancyhdr Warning: \headheight is too small (12.0pt): 
(fancyhdr)                Make it at least 13.59999pt, for example:
(fancyhdr)                \setlength{\headheight}{13.59999pt}.
(fancyhdr)                You might also make \topmargin smaller:
(fancyhdr)                \addtolength{\topmargin}{-1.59999pt}.

[4]
Overfull \hbox (4.86932pt too wide) in paragraph at lines 103--112
\T1/ppl/m/n/10.95 where one source speaks of vic-tory, an-other records de-feat
; where
 []




Package fancyhdr Warning: \headheight is too small (12.0pt): 
(fancyhdr)                Make it at least 13.59999pt, for example:
(fancyhdr)                \setlength{\headheight}{13.59999pt}.
(fancyhdr)                You might also make \topmargin smaller:
(fancyhdr)                \addtolength{\topmargin}{-1.59999pt}.

[5]
Overfull \hbox (1.63353pt too wide) in paragraph at lines 128--137
[]\T1/ppl/m/n/10.95 This ac-count reaches me from the pri-vate pa-pers of one J
ereth
 []


Overfull \hbox (35.74707pt too wide) in paragraph at lines 128--137
\T1/ppl/m/n/10.95 wine mer-chant in the east-ern provinces. His re-li-a-bil-ity
 is questionable---
 []




Package fancyhdr Warning: \headheight is too small (12.0pt): 
(fancyhdr)                Make it at least 13.59999pt, for example:
(fancyhdr)                \setlength{\headheight}{13.59999pt}.
(fancyhdr)                You might also make \topmargin smaller:
(fancyhdr)                \addtolength{\topmargin}{-1.59999pt}.

[6]
Underfull \vbox (badness 4378) has occurred while \output is active []




Package fancyhdr Warning: \headheight is too small (12.0pt): 
(fancyhdr)                Make it at least 13.59999pt, for example:
(fancyhdr)                \setlength{\headheight}{13.59999pt}.
(fancyhdr)                You might also make \topmargin smaller:
(fancyhdr)                \addtolength{\topmargin}{-1.59999pt}.

[7]
Overfull \hbox (4.0696pt too wide) in paragraph at lines 203--211
\T1/ppl/m/n/10.95 to slave-running and petty war-fare. The priest-hood, whose b
less-
 []


Overfull \hbox (5.56966pt too wide) in paragraph at lines 212--219
\T1/ppl/m/n/10.95 quered chil-dren, stamped with ea-gles that claimed to bring 
peace.
 []


Overfull \hbox (0.27556pt too wide) in paragraph at lines 224--232
[]\T1/ppl/m/n/10.95 In my dreams, I some-times see them all together---every ba
n-
 []




Package fancyhdr Warning: \headheight is too small (12.0pt): 
(fancyhdr)                Make it at least 13.59999pt, for example:
(fancyhdr)                \setlength{\headheight}{13.59999pt}.
(fancyhdr)                You might also make \topmargin smaller:
(fancyhdr)                \addtolength{\topmargin}{-1.59999pt}.

[8]


Package fancyhdr Warning: \headheight is too small (12.0pt): 
(fancyhdr)                Make it at least 13.59999pt, for example:
(fancyhdr)                \setlength{\headheight}{13.59999pt}.
(fancyhdr)                You might also make \topmargin smaller:
(fancyhdr)                \addtolength{\topmargin}{-1.59999pt}.

[9]
Underfull \vbox (badness 1448) has occurred while \output is active []




Package fancyhdr Warning: \headheight is too small (12.0pt): 
(fancyhdr)                Make it at least 13.59999pt, for example:
(fancyhdr)                \setlength{\headheight}{13.59999pt}.
(fancyhdr)                You might also make \topmargin smaller:
(fancyhdr)                \addtolength{\topmargin}{-1.59999pt}.

[10]


Package fancyhdr Warning: \headheight is too small (12.0pt): 
(fancyhdr)                Make it at least 13.59999pt, for example:
(fancyhdr)                \setlength{\headheight}{13.59999pt}.
(fancyhdr)                You might also make \topmargin smaller:
(fancyhdr)                \addtolength{\topmargin}{-1.59999pt}.

[11]
Underfull \vbox (badness 3428) has occurred while \output is active []




Package fancyhdr Warning: \headheight is too small (12.0pt): 
(fancyhdr)                Make it at least 13.59999pt, for example:
(fancyhdr)                \setlength{\headheight}{13.59999pt}.
(fancyhdr)                You might also make \topmargin smaller:
(fancyhdr)                \addtolength{\topmargin}{-1.59999pt}.

[12]
Underfull \vbox (badness 3428) has occurred while \output is active []




Package fancyhdr Warning: \headheight is too small (12.0pt): 
(fancyhdr)                Make it at least 13.59999pt, for example:
(fancyhdr)                \setlength{\headheight}{13.59999pt}.
(fancyhdr)                You might also make \topmargin smaller:
(fancyhdr)                \addtolength{\topmargin}{-1.59999pt}.

[13]
Overfull \hbox (1.6775pt too wide) in paragraph at lines 427--436
[]\T1/ppl/m/n/10.95 The storm-banner\TS1/ppl/m/n/10.95 '\T1/ppl/m/n/10.95 s suc
-cess led to a new era of mast-building.
 []


Overfull \hbox (8.76636pt too wide) in paragraph at lines 427--436
\T1/ppl/m/n/10.95 Clans com-peted to erect the tallest masts, be-liev-ing heigh
t brought
 []


Overfull \hbox (5.1317pt too wide) in paragraph at lines 427--436
\T1/ppl/m/n/10.95 Keeper of Wind-Cut de-creed that no mast could ex-ceed the he
ight
 []


Overfull \hbox (5.29097pt too wide) in paragraph at lines 448--456
[]\T1/ppl/m/n/10.95 The unity-cloth was a com-pro-mise that sat-is-fied no one.
 Clans
 []


Underfull \vbox (badness 1448) has occurred while \output is active []




Package fancyhdr Warning: \headheight is too small (12.0pt): 
(fancyhdr)                Make it at least 13.59999pt, for example:
(fancyhdr)                \setlength{\headheight}{13.59999pt}.
(fancyhdr)                You might also make \topmargin smaller:
(fancyhdr)                \addtolength{\topmargin}{-1.59999pt}.

[14]
Overfull \hbox (0.89368pt too wide) in paragraph at lines 469--478
\T1/ppl/m/n/10.95 of Stone-Whistle tried to reg-u-late these sym-bols, but the 
weavers
 []


Overfull \hbox (5.5758pt too wide) in paragraph at lines 499--508
[]\T1/ppl/m/n/10.95 The wind-dancing ban-ners were a mar-vel, but they also pos
ed
 []


Underfull \vbox (badness 1448) has occurred while \output is active []




Package fancyhdr Warning: \headheight is too small (12.0pt): 
(fancyhdr)                Make it at least 13.59999pt, for example:
(fancyhdr)                \setlength{\headheight}{13.59999pt}.
(fancyhdr)                You might also make \topmargin smaller:
(fancyhdr)                \addtolength{\topmargin}{-1.59999pt}.

[15]
Overfull \hbox (12.12653pt too wide) in paragraph at lines 529--529
[]\T1/ppl/b/n/14.4 Arc I Sup-ple-men-tary: Deeper into the Dawn 
 []


Overfull \hbox (2.17062pt too wide) in paragraph at lines 536--543
[]\T1/ppl/m/n/10.95 In the year when the star-marks showed three cres-cents dan
c-
 []




Package fancyhdr Warning: \headheight is too small (12.0pt): 
(fancyhdr)                Make it at least 13.59999pt, for example:
(fancyhdr)                \setlength{\headheight}{13.59999pt}.
(fancyhdr)                You might also make \topmargin smaller:
(fancyhdr)                \addtolength{\topmargin}{-1.59999pt}.

[16]


Package fancyhdr Warning: \headheight is too small (12.0pt): 
(fancyhdr)                Make it at least 13.59999pt, for example:
(fancyhdr)                \setlength{\headheight}{13.59999pt}.
(fancyhdr)                You might also make \topmargin smaller:
(fancyhdr)                \addtolength{\topmargin}{-1.59999pt}.

[17]
Overfull \hbox (4.11902pt too wide) in paragraph at lines 597--605
[]\T1/ppl/m/n/10.95 The Thread-Singers would un-furl their great-est works - cl
oths
 []


Overfull \hbox (7.02586pt too wide) in paragraph at lines 597--605
\T1/ppl/m/n/10.95 would per-form their au-guries, read-ing fu-tures in the fall
 of carved
 []


Overfull \hbox (7.67755pt too wide) in paragraph at lines 617--624
[]\T1/ppl/m/n/10.95 The most se-ri-ous dis-pute that year con-cerned the River-
Mouth
 []


Overfull \hbox (2.5479pt too wide) in paragraph at lines 617--624
\T1/ppl/m/n/10.95 Deep-Tide Speak-ers - had for gen-er-a-tions held sa-cred the
 mouths
 []




Package fancyhdr Warning: \headheight is too small (12.0pt): 
(fancyhdr)                Make it at least 13.59999pt, for example:
(fancyhdr)                \setlength{\headheight}{13.59999pt}.
(fancyhdr)                You might also make \topmargin smaller:
(fancyhdr)                \addtolength{\topmargin}{-1.59999pt}.

[18]
Overfull \hbox (3.91112pt too wide) in paragraph at lines 657--665
[]\T1/ppl/m/n/10.95 The chil-dren of the fair were a peo-ple unto them-selves, 
drawn
 []




Package fancyhdr Warning: \headheight is too small (12.0pt): 
(fancyhdr)                Make it at least 13.59999pt, for example:
(fancyhdr)                \setlength{\headheight}{13.59999pt}.
(fancyhdr)                You might also make \topmargin smaller:
(fancyhdr)                \addtolength{\topmargin}{-1.59999pt}.

[19]
Overfull \hbox (2.86551pt too wide) in paragraph at lines 666--675
\T1/ppl/m/n/10.95 horns had been pol-ished to mirror-brightness, whose flanks w
ere
 []


Underfull \vbox (badness 10000) has occurred while \output is active []




Package fancyhdr Warning: \headheight is too small (12.0pt): 
(fancyhdr)                Make it at least 13.59999pt, for example:
(fancyhdr)                \setlength{\headheight}{13.59999pt}.
(fancyhdr)                You might also make \topmargin smaller:
(fancyhdr)                \addtolength{\topmargin}{-1.59999pt}.

[20]
Overfull \hbox (6.09566pt too wide) in paragraph at lines 706--713
\T1/ppl/m/n/10.95 Cloth-Seers, and his-tory re-mem-bers them as the Weaver-Prop
hets
 []


Overfull \hbox (2.20818pt too wide) in paragraph at lines 714--721
\T1/ppl/m/n/10.95 ticed that the marriage-cloth of Bright-Weaver and Storm-Walk
er
 []


Overfull \hbox (18.8253pt too wide) in paragraph at lines 722--728
[]\T1/ppl/m/n/10.95 Reed-Bender spoke of this to Cloth-Speaker Merin-das, a wom
an
 []




Package fancyhdr Warning: \headheight is too small (12.0pt): 
(fancyhdr)                Make it at least 13.59999pt, for example:
(fancyhdr)                \setlength{\headheight}{13.59999pt}.
(fancyhdr)                You might also make \topmargin smaller:
(fancyhdr)                \addtolength{\topmargin}{-1.59999pt}.

[21]
Overfull \hbox (3.99292pt too wide) in paragraph at lines 746--754
\T1/ppl/m/n/10.95 car-ried by Thread-Singer traders who trav-eled be-tween the 
clans.
 []


Overfull \hbox (8.4275pt too wide) in paragraph at lines 746--754
\T1/ppl/m/n/10.95 proper in-ten-tion and blessed ac-cord-ing to an-cient for-mu
-lae would
 []


Overfull \hbox (0.75769pt too wide) in paragraph at lines 777--785
[]\T1/ppl/m/n/10.95 The Weaver-Prophets\TS1/ppl/m/n/10.95 ' \T1/ppl/m/n/10.95 m
ost fa-mous pre-dic-tion con-cerned the
 []


Overfull \hbox (3.88358pt too wide) in paragraph at lines 777--785
\T1/ppl/m/n/10.95 com-mu-ni-ties across the wind-swept high-lands re-ported the
 same
 []




Package fancyhdr Warning: \headheight is too small (12.0pt): 
(fancyhdr)                Make it at least 13.59999pt, for example:
(fancyhdr)                \setlength{\headheight}{13.59999pt}.
(fancyhdr)                You might also make \topmargin smaller:
(fancyhdr)                \addtolength{\topmargin}{-1.59999pt}.

[22]
Overfull \hbox (8.51633pt too wide) in paragraph at lines 803--812
[]\T1/ppl/m/it/10.95 "My daugh-ter came back from the wind-heights changed
 []


Overfull \hbox (6.22112pt too wide) in paragraph at lines 816--824
[]\T1/ppl/m/n/10.95 The the-o-log-i-cal im-pli-ca-tions of Weaver-Prophet doc-t
rine went
 []




Package fancyhdr Warning: \headheight is too small (12.0pt): 
(fancyhdr)                Make it at least 13.59999pt, for example:
(fancyhdr)                \setlength{\headheight}{13.59999pt}.
(fancyhdr)                You might also make \topmargin smaller:
(fancyhdr)                \addtolength{\topmargin}{-1.59999pt}.

[23]
Overfull \hbox (5.01071pt too wide) in paragraph at lines 825--833
\T1/ppl/m/n/10.95 tional bound-aries, in-di-vid-u-als find-ing their place with
in the great
 []


Overfull \hbox (11.00089pt too wide) in paragraph at lines 825--833
\T1/ppl/m/n/10.95 Weaver-Prophets taught in-stead that in-di-vid-u-als could an
d should
 []


Overfull \hbox (0.34666pt too wide) in paragraph at lines 825--833
\T1/ppl/m/n/10.95 chart their own courses, guided by wis-dom gained through the
ir
 []


Overfull \hbox (2.7777pt too wide) in paragraph at lines 834--842
\T1/ppl/m/n/10.95 bar-gains with wind-demons, that their prophe-cies came not f
rom
 []


Overfull \hbox (3.16599pt too wide) in paragraph at lines 863--870
[]\T1/ppl/m/n/10.95 The Weaver-Prophets did not go qui-etly into ex-tinc-tion. 
Their
 []




Package fancyhdr Warning: \headheight is too small (12.0pt): 
(fancyhdr)                Make it at least 13.59999pt, for example:
(fancyhdr)                \setlength{\headheight}{13.59999pt}.
(fancyhdr)                You might also make \topmargin smaller:
(fancyhdr)                \addtolength{\topmargin}{-1.59999pt}.

[24]
Overfull \hbox (0.23718pt too wide) in paragraph at lines 872--884
[]\T1/ppl/m/it/10.95 "I was among the Stone-Whittlers who raided the east-
 []


Overfull \hbox (7.33295pt too wide) in paragraph at lines 872--884
\T1/ppl/m/it/10.95 their reading-cloths hang-ing mo-tion-less in wind that shou
ld
 []


Overfull \hbox (7.28925pt too wide) in paragraph at lines 897--905
\T1/ppl/m/n/10.95 Thread-Singer clans, prac-ticed in se-cret and passed down th
rough
 []




Package fancyhdr Warning: \headheight is too small (12.0pt): 
(fancyhdr)                Make it at least 13.59999pt, for example:
(fancyhdr)                \setlength{\headheight}{13.59999pt}.
(fancyhdr)                You might also make \topmargin smaller:
(fancyhdr)                \addtolength{\topmargin}{-1.59999pt}.

[25]
Overfull \hbox (2.98022pt too wide) in paragraph at lines 911--920
[]\T1/ppl/m/n/10.95 The wars that would ul-ti-mately shat-ter the peace of the 
Dawn
 []


Overfull \hbox (5.3177pt too wide) in paragraph at lines 921--929
\T1/ppl/m/n/10.95 crys-tal-lized dur-ing the dry sea-son, found their tra-di-ti
onal sources
 []


Overfull \hbox (0.99284pt too wide) in paragraph at lines 930--939
\T1/ppl/m/n/10.95 First Speak-ers who had di-vided the earth\TS1/ppl/m/n/10.95 
'\T1/ppl/m/n/10.95 s gifts among the clans.
 []




Package fancyhdr Warning: \headheight is too small (12.0pt): 
(fancyhdr)                Make it at least 13.59999pt, for example:
(fancyhdr)                \setlength{\headheight}{13.59999pt}.
(fancyhdr)                You might also make \topmargin smaller:
(fancyhdr)                \addtolength{\topmargin}{-1.59999pt}.

[26]
Overfull \hbox (5.42712pt too wide) in paragraph at lines 968--976
\T1/ppl/m/n/10.95 lead-ing their en-e-mies into care-fully pre-pared killing zo
nes. When
 []


Overfull \hbox (30.57863pt too wide) in paragraph at lines 968--976
\T1/ppl/m/n/10.95 the bat-tle ended, thirty-seven war-riors lay dead in the sal
t-crystallizing
 []


Overfull \hbox (5.13188pt too wide) in paragraph at lines 978--987
[]\T1/ppl/m/it/10.95 "I was salt-raking that morn-ing when the horn sounded
 []




Package fancyhdr Warning: \headheight is too small (12.0pt): 
(fancyhdr)                Make it at least 13.59999pt, for example:
(fancyhdr)                \setlength{\headheight}{13.59999pt}.
(fancyhdr)                You might also make \topmargin smaller:
(fancyhdr)                \addtolength{\topmargin}{-1.59999pt}.

[27]


Package fancyhdr Warning: \headheight is too small (12.0pt): 
(fancyhdr)                Make it at least 13.59999pt, for example:
(fancyhdr)                \setlength{\headheight}{13.59999pt}.
(fancyhdr)                You might also make \topmargin smaller:
(fancyhdr)                \addtolength{\topmargin}{-1.59999pt}.

[28]
Overfull \hbox (5.7007pt too wide) in paragraph at lines 1024--1031
\T1/ppl/m/n/10.95 to present a united front against their River-Mouth en-e-mies
. They
 []


Overfull \hbox (5.81062pt too wide) in paragraph at lines 1024--1031
\T1/ppl/m/n/10.95 knowl-edge of high-country ter-rain to am-bush Foam-Runner ra
id-
 []


Overfull \hbox (13.32251pt too wide) in paragraph at lines 1034--1041
\T1/ppl/m/n/10.95 White-Wave and Foam-Runner clans to ex-haust them-selves agai
nst
 []


Overfull \hbox (10.1139pt too wide) in paragraph at lines 1051--1059
\T1/ppl/m/n/10.95 sys-tem-atic cam-paign. The com-bined River-Mouth forces laun
ched
 []


Overfull \hbox (3.6531pt too wide) in paragraph at lines 1060--1069
\T1/ppl/m/n/10.95 scale en-gage-ment of the war, bring-ing to-gether nearly thr
ee thou-
 []




Package fancyhdr Warning: \headheight is too small (12.0pt): 
(fancyhdr)                Make it at least 13.59999pt, for example:
(fancyhdr)                \setlength{\headheight}{13.59999pt}.
(fancyhdr)                You might also make \topmargin smaller:
(fancyhdr)                \addtolength{\topmargin}{-1.59999pt}.

[29]
Overfull \hbox (8.6965pt too wide) in paragraph at lines 1093--1099
[]\T1/ppl/m/n/10.95 The war be-came a grind-ing stale-mate that con-sumed re-so
urces
 []


Overfull \hbox (1.49646pt too wide) in paragraph at lines 1093--1099
\T1/ppl/m/n/10.95 lay fal-low while their own-ers served in dis-tant cam-paigns
. Trade
 []




Package fancyhdr Warning: \headheight is too small (12.0pt): 
(fancyhdr)                Make it at least 13.59999pt, for example:
(fancyhdr)                \setlength{\headheight}{13.59999pt}.
(fancyhdr)                You might also make \topmargin smaller:
(fancyhdr)                \addtolength{\topmargin}{-1.59999pt}.

[30]
Overfull \hbox (9.73103pt too wide) in paragraph at lines 1110--1117
\T1/ppl/m/n/10.95 among the in-land clans. These talks were driven by war-weari
ness
 []




Package fancyhdr Warning: \headheight is too small (12.0pt): 
(fancyhdr)                Make it at least 13.59999pt, for example:
(fancyhdr)                \setlength{\headheight}{13.59999pt}.
(fancyhdr)                You might also make \topmargin smaller:
(fancyhdr)                \addtolength{\topmargin}{-1.59999pt}.

[31]


Package fancyhdr Warning: \headheight is too small (12.0pt): 
(fancyhdr)                Make it at least 13.59999pt, for example:
(fancyhdr)                \setlength{\headheight}{13.59999pt}.
(fancyhdr)                You might also make \topmargin smaller:
(fancyhdr)                \addtolength{\topmargin}{-1.59999pt}.

[32]


Package fancyhdr Warning: \headheight is too small (12.0pt): 
(fancyhdr)                Make it at least 13.59999pt, for example:
(fancyhdr)                \setlength{\headheight}{13.59999pt}.
(fancyhdr)                You might also make \topmargin smaller:
(fancyhdr)                \addtolength{\topmargin}{-1.59999pt}.

[33]
Overfull \hbox (6.27077pt too wide) in paragraph at lines 1236--1244
\T1/ppl/m/it/10.95 when our clan still wan-dered the high moun-tains, are barel
y
 []


Overfull \hbox (2.37283pt too wide) in paragraph at lines 1247--1256
\T1/ppl/m/it/10.95 merely record events as they hap-pen and carve names when
 []


Overfull \hbox (9.13974pt too wide) in paragraph at lines 1259--1268
[]\T1/ppl/m/it/10.95 "The hard-est de-ci-sions con-cern shame and fail-ure. Whe
n
 []




Package fancyhdr Warning: \headheight is too small (12.0pt): 
(fancyhdr)                Make it at least 13.59999pt, for example:
(fancyhdr)                \setlength{\headheight}{13.59999pt}.
(fancyhdr)                You might also make \topmargin smaller:
(fancyhdr)                \addtolength{\topmargin}{-1.59999pt}.

[34]
Overfull \hbox (0.75175pt too wide) in paragraph at lines 1284--1293
[]\T1/ppl/m/it/10.95 "There are nights when I stand among the silent stones
 []


Overfull \hbox (6.09583pt too wide) in paragraph at lines 1284--1293
\T1/ppl/m/it/10.95 The chil-dren who lived only days or weeks, their tiny memo-

 []


Overfull \hbox (2.58098pt too wide) in paragraph at lines 1296--1303
[]\T1/ppl/m/it/10.95 "The keeper be-comes the mem-ory of the dead, and mem-
 []


Overfull \hbox (1.6059pt too wide) in paragraph at lines 1308--1315
\T1/ppl/m/it/10.95 tenure. The River-Mouth Wars have forced ter-ri-ble choices
 []




Package fancyhdr Warning: \headheight is too small (12.0pt): 
(fancyhdr)                Make it at least 13.59999pt, for example:
(fancyhdr)                \setlength{\headheight}{13.59999pt}.
(fancyhdr)                You might also make \topmargin smaller:
(fancyhdr)                \addtolength{\topmargin}{-1.59999pt}.

[35]
Overfull \hbox (7.69414pt too wide) in paragraph at lines 1340--1348
\T1/ppl/m/it/10.95 in-tel-li-gence, in-tegrity, and ded-i-ca-tion that the role
 de-mands.
 []




Package fancyhdr Warning: \headheight is too small (12.0pt): 
(fancyhdr)                Make it at least 13.59999pt, for example:
(fancyhdr)                \setlength{\headheight}{13.59999pt}.
(fancyhdr)                You might also make \topmargin smaller:
(fancyhdr)                \addtolength{\topmargin}{-1.59999pt}.

[36]
Overfull \hbox (0.78517pt too wide) in paragraph at lines 1351--1359
[]\T1/ppl/m/it/10.95 "The teach-ing is slow work. Wave-Counter must learn
 []


Overfull \hbox (3.90533pt too wide) in paragraph at lines 1351--1359
\T1/ppl/m/it/10.95 tails that might cause un-nec-es-sary pain to sur-vivors. Th
ese
 []




Package fancyhdr Warning: \headheight is too small (12.0pt): 
(fancyhdr)                Make it at least 13.59999pt, for example:
(fancyhdr)                \setlength{\headheight}{13.59999pt}.
(fancyhdr)                You might also make \topmargin smaller:
(fancyhdr)                \addtolength{\topmargin}{-1.59999pt}.

[37]
Overfull \hbox (4.73749pt too wide) in paragraph at lines 1427--1434
\T1/ppl/m/it/10.95 habits of ob-ser-va-tion and record-ing are too deeply in-gr
ained
 []




Package fancyhdr Warning: \headheight is too small (12.0pt): 
(fancyhdr)                Make it at least 13.59999pt, for example:
(fancyhdr)                \setlength{\headheight}{13.59999pt}.
(fancyhdr)                You might also make \topmargin smaller:
(fancyhdr)                \addtolength{\topmargin}{-1.59999pt}.

[38]


Package fancyhdr Warning: \headheight is too small (12.0pt): 
(fancyhdr)                Make it at least 13.59999pt, for example:
(fancyhdr)                \setlength{\headheight}{13.59999pt}.
(fancyhdr)                You might also make \topmargin smaller:
(fancyhdr)                \addtolength{\topmargin}{-1.59999pt}.

[39]
Overfull \hbox (1.70981pt too wide) in paragraph at lines 1476--1484
[]\T1/ppl/m/n/10.95 The Thread-Singers, whose ex-per-tise in tex-tile arts gave
 them
 []


Overfull \hbox (8.39491pt too wide) in paragraph at lines 1485--1494
\T1/ppl/m/n/10.95 tested with flame, it proved re-sis-tant to burn-ing, and whe
n soaked
 []




Package fancyhdr Warning: \headheight is too small (12.0pt): 
(fancyhdr)                Make it at least 13.59999pt, for example:
(fancyhdr)                \setlength{\headheight}{13.59999pt}.
(fancyhdr)                You might also make \topmargin smaller:
(fancyhdr)                \addtolength{\topmargin}{-1.59999pt}.

[40]


Package fancyhdr Warning: \headheight is too small (12.0pt): 
(fancyhdr)                Make it at least 13.59999pt, for example:
(fancyhdr)                \setlength{\headheight}{13.59999pt}.
(fancyhdr)                You might also make \topmargin smaller:
(fancyhdr)                \addtolength{\topmargin}{-1.59999pt}.

[41]
Overfull \hbox (0.161pt too wide) in paragraph at lines 1580--1590
\T1/ppl/m/it/10.95 stand be-neath the yel-low ban-ner, and noth-ing we did coul
d
 []


Overfull \hbox (3.41286pt too wide) in paragraph at lines 1580--1590
\T1/ppl/m/it/10.95 we ques-tioned her upon wak-ing, she spoke of golden dreams
 []




Package fancyhdr Warning: \headheight is too small (12.0pt): 
(fancyhdr)                Make it at least 13.59999pt, for example:
(fancyhdr)                \setlength{\headheight}{13.59999pt}.
(fancyhdr)                You might also make \topmargin smaller:
(fancyhdr)                \addtolength{\topmargin}{-1.59999pt}.

[42]
Overfull \hbox (4.45842pt too wide) in paragraph at lines 1606--1613
[]\T1/ppl/m/n/10.95 These com-pet-ing claims cre-ated an im-pos-si-ble sit-u-a-
tion. Each
 []


Overfull \hbox (3.60948pt too wide) in paragraph at lines 1623--1630
\T1/ppl/m/n/10.95 claimed knowl-edge of the yel-low cloth\TS1/ppl/m/n/10.95 '\T
1/ppl/m/n/10.95 s ori-gins. These strangers,
 []




Package fancyhdr Warning: \headheight is too small (12.0pt): 
(fancyhdr)                Make it at least 13.59999pt, for example:
(fancyhdr)                \setlength{\headheight}{13.59999pt}.
(fancyhdr)                You might also make \topmargin smaller:
(fancyhdr)                \addtolength{\topmargin}{-1.59999pt}.

[43]
Overfull \hbox (4.92923pt too wide) in paragraph at lines 1651--1660
[]\T1/ppl/m/n/10.95 More dis-turb-ing was the schol-ars\TS1/ppl/m/n/10.95 ' \T1
/ppl/m/n/10.95 con-clu-sion about the cloth\TS1/ppl/m/n/10.95 '\T1/ppl/m/n/10.9
5 s
 []


Overfull \hbox (2.02113pt too wide) in paragraph at lines 1661--1669
\T1/ppl/m/n/10.95 tic-i-pat-ing in some vast ex-per-i-ment or surveil-lance op-
er-a-tion con-
 []




Package fancyhdr Warning: \headheight is too small (12.0pt): 
(fancyhdr)                Make it at least 13.59999pt, for example:
(fancyhdr)                \setlength{\headheight}{13.59999pt}.
(fancyhdr)                You might also make \topmargin smaller:
(fancyhdr)                \addtolength{\topmargin}{-1.59999pt}.

[44]


Package fancyhdr Warning: \headheight is too small (12.0pt): 
(fancyhdr)                Make it at least 13.59999pt, for example:
(fancyhdr)                \setlength{\headheight}{13.59999pt}.
(fancyhdr)                You might also make \topmargin smaller:
(fancyhdr)                \addtolength{\topmargin}{-1.59999pt}.

[45]
Overfull \hbox (0.65314pt too wide) in paragraph at lines 1715--1724
\T1/ppl/m/n/10.95 vealed fun-da-men-tal weak-nesses in Dawn Age in-sti-tu-tions
 - their
 []


Overfull \hbox (0.59778pt too wide) in paragraph at lines 1715--1724
\T1/ppl/m/n/10.95 world be-yond their tra-di-tional ter-ri-to-ries. These rev-e
-la-tions con-
 []




Package fancyhdr Warning: \headheight is too small (12.0pt): 
(fancyhdr)                Make it at least 13.59999pt, for example:
(fancyhdr)                \setlength{\headheight}{13.59999pt}.
(fancyhdr)                You might also make \topmargin smaller:
(fancyhdr)                \addtolength{\topmargin}{-1.59999pt}.

[46]
Overfull \hbox (6.6644pt too wide) in paragraph at lines 1768--1777
\T1/ppl/m/n/10.95 closer ex-am-i-na-tion a more trou-bling re-al-ity. The "gift
s" ex-changed
 []


Overfull \hbox (6.46729pt too wide) in paragraph at lines 1768--1777
\T1/ppl/m/n/10.95 at these gath-er-ings were trib-utes ex-tracted from sub-or-d
i-nate clans
 []


Overfull \hbox (1.55107pt too wide) in paragraph at lines 1768--1777
\T1/ppl/m/n/10.95 ders dis-guised as diplo-matic treaties, and the "cel-e-bra-t
ions" were
 []


Overfull \hbox (3.35782pt too wide) in paragraph at lines 1778--1790
\T1/ppl/m/n/10.95 chil-dren\TS1/ppl/m/n/10.95 '\T1/ppl/m/n/10.95 s games that c
hron-i-clers have de-scribed as in-no-cent play
 []


Underfull \vbox (badness 1448) has occurred while \output is active []




Package fancyhdr Warning: \headheight is too small (12.0pt): 
(fancyhdr)                Make it at least 13.59999pt, for example:
(fancyhdr)                \setlength{\headheight}{13.59999pt}.
(fancyhdr)                You might also make \topmargin smaller:
(fancyhdr)                \addtolength{\topmargin}{-1.59999pt}.

[47]
Overfull \hbox (5.24713pt too wide) in paragraph at lines 1802--1811
[]\T1/ppl/m/n/10.95 The speed and vi-cious-ness with which the clan lead-ers mo
ved
 []


Overfull \hbox (29.73595pt too wide) in paragraph at lines 1812--1819
\T1/ppl/m/n/10.95 doomed Weaver-Prophets de-serves par-tic-u-lar at-ten-tion. T
he prophecy
 []


Overfull \hbox (2.78847pt too wide) in paragraph at lines 1820--1830
\T1/ppl/m/n/10.95 salt-gathering grounds was not sim-ply a mat-ter of sur-vival
 needs
 []




Package fancyhdr Warning: \headheight is too small (12.0pt): 
(fancyhdr)                Make it at least 13.59999pt, for example:
(fancyhdr)                \setlength{\headheight}{13.59999pt}.
(fancyhdr)                You might also make \topmargin smaller:
(fancyhdr)                \addtolength{\topmargin}{-1.59999pt}.

[48]
Overfull \hbox (23.3845pt too wide) in paragraph at lines 1841--1849
\T1/ppl/m/n/10.95 schol-arly in-ter-est in the mys-te-ri-ous ban-ner was cover 
for intelligence-
 []


Overfull \hbox (9.21585pt too wide) in paragraph at lines 1841--1849
\T1/ppl/m/n/10.95 clan re-ac-tions and gather in-for-ma-tion about their decisi
on-making
 []




Package fancyhdr Warning: \headheight is too small (12.0pt): 
(fancyhdr)                Make it at least 13.59999pt, for example:
(fancyhdr)                \setlength{\headheight}{13.59999pt}.
(fancyhdr)                You might also make \topmargin smaller:
(fancyhdr)                \addtolength{\topmargin}{-1.59999pt}.

[49]
Overfull \hbox (6.06238pt too wide) in paragraph at lines 1898--1906
\T1/ppl/m/n/10.95 brought clans to-gether were care-fully man-aged to re-in-for
ce rather
 []


Overfull \hbox (5.32901pt too wide) in paragraph at lines 1909--1917
\T1/ppl/m/n/10.95 pe-riod fol-low-ing the River-Mouth Wars as a tragic fall fro
m grace,
 []




Package fancyhdr Warning: \headheight is too small (12.0pt): 
(fancyhdr)                Make it at least 13.59999pt, for example:
(fancyhdr)                \setlength{\headheight}{13.59999pt}.
(fancyhdr)                You might also make \topmargin smaller:
(fancyhdr)                \addtolength{\topmargin}{-1.59999pt}.

[50]
Overfull \hbox (5.22986pt too wide) in paragraph at lines 1918--1928
\T1/ppl/m/n/10.95 seek-ing op-por-tu-ni-ties that the rigid clan sys-tem had de
-nied them.
 []




Package fancyhdr Warning: \headheight is too small (12.0pt): 
(fancyhdr)                Make it at least 13.59999pt, for example:
(fancyhdr)                \setlength{\headheight}{13.59999pt}.
(fancyhdr)                You might also make \topmargin smaller:
(fancyhdr)                \addtolength{\topmargin}{-1.59999pt}.

[51]
Overfull \hbox (8.90982pt too wide) in paragraph at lines 1962--1969
\T1/ppl/m/n/10.95 change, they re-sponded with re-pres-sion rather than re-form
. When
 []


Underfull \vbox (badness 1448) has occurred while \output is active []




Package fancyhdr Warning: \headheight is too small (12.0pt): 
(fancyhdr)                Make it at least 13.59999pt, for example:
(fancyhdr)                \setlength{\headheight}{13.59999pt}.
(fancyhdr)                You might also make \topmargin smaller:
(fancyhdr)                \addtolength{\topmargin}{-1.59999pt}.

[52]


Package fancyhdr Warning: \headheight is too small (12.0pt): 
(fancyhdr)                Make it at least 13.59999pt, for example:
(fancyhdr)                \setlength{\headheight}{13.59999pt}.
(fancyhdr)                You might also make \topmargin smaller:
(fancyhdr)                \addtolength{\topmargin}{-1.59999pt}.

[53]


Package fancyhdr Warning: \headheight is too small (12.0pt): 
(fancyhdr)                Make it at least 13.59999pt, for example:
(fancyhdr)                \setlength{\headheight}{13.59999pt}.
(fancyhdr)                You might also make \topmargin smaller:
(fancyhdr)                \addtolength{\topmargin}{-1.59999pt}.

[54]
Underfull \vbox (badness 1490) has occurred while \output is active []




Package fancyhdr Warning: \headheight is too small (12.0pt): 
(fancyhdr)                Make it at least 13.59999pt, for example:
(fancyhdr)                \setlength{\headheight}{13.59999pt}.
(fancyhdr)                You might also make \topmargin smaller:
(fancyhdr)                \addtolength{\topmargin}{-1.59999pt}.

[55]
Overfull \hbox (1.59488pt too wide) in paragraph at lines 2151--2158
\T1/ppl/m/n/10.95 or-dered the build-ing of gra-naries, the dig-ging of wells, 
the weav-
 []




Package fancyhdr Warning: \headheight is too small (12.0pt): 
(fancyhdr)                Make it at least 13.59999pt, for example:
(fancyhdr)                \setlength{\headheight}{13.59999pt}.
(fancyhdr)                You might also make \topmargin smaller:
(fancyhdr)                \addtolength{\topmargin}{-1.59999pt}.

[56]


Package fancyhdr Warning: \headheight is too small (12.0pt): 
(fancyhdr)                Make it at least 13.59999pt, for example:
(fancyhdr)                \setlength{\headheight}{13.59999pt}.
(fancyhdr)                You might also make \topmargin smaller:
(fancyhdr)                \addtolength{\topmargin}{-1.59999pt}.

[57]
Overfull \hbox (3.42354pt too wide) in paragraph at lines 2206--2211
\T1/ppl/m/n/10.95 mast was the watch-tower, but it was not enough. The city nee
ded
 []


Underfull \vbox (badness 1490) has occurred while \output is active []




Package fancyhdr Warning: \headheight is too small (12.0pt): 
(fancyhdr)                Make it at least 13.59999pt, for example:
(fancyhdr)                \setlength{\headheight}{13.59999pt}.
(fancyhdr)                You might also make \topmargin smaller:
(fancyhdr)                \addtolength{\topmargin}{-1.59999pt}.

[58]


Package fancyhdr Warning: \headheight is too small (12.0pt): 
(fancyhdr)                Make it at least 13.59999pt, for example:
(fancyhdr)                \setlength{\headheight}{13.59999pt}.
(fancyhdr)                You might also make \topmargin smaller:
(fancyhdr)                \addtolength{\topmargin}{-1.59999pt}.

[59]
Overfull \hbox (0.10645pt too wide) in paragraph at lines 2319--2337
\T1/ppl/m/n/10.95 where en-e-mies may be seen ap-proach-ing from three days\TS1
/ppl/m/n/10.95 ' \T1/ppl/m/n/10.95 march
 []




Package fancyhdr Warning: \headheight is too small (12.0pt): 
(fancyhdr)                Make it at least 13.59999pt, for example:
(fancyhdr)                \setlength{\headheight}{13.59999pt}.
(fancyhdr)                You might also make \topmargin smaller:
(fancyhdr)                \addtolength{\topmargin}{-1.59999pt}.

[60]
Underfull \vbox (badness 3428) has occurred while \output is active []




Package fancyhdr Warning: \headheight is too small (12.0pt): 
(fancyhdr)                Make it at least 13.59999pt, for example:
(fancyhdr)                \setlength{\headheight}{13.59999pt}.
(fancyhdr)                You might also make \topmargin smaller:
(fancyhdr)                \addtolength{\topmargin}{-1.59999pt}.

[61]


Package fancyhdr Warning: \headheight is too small (12.0pt): 
(fancyhdr)                Make it at least 13.59999pt, for example:
(fancyhdr)                \setlength{\headheight}{13.59999pt}.
(fancyhdr)                You might also make \topmargin smaller:
(fancyhdr)                \addtolength{\topmargin}{-1.59999pt}.

[62]
Overfull \hbox (0.9106pt too wide) in paragraph at lines 2424--2437
[]\T1/ppl/m/n/10.95 The great work be-gan with the di-ver-sion of the river\TS1
/ppl/m/n/10.95 '\T1/ppl/m/n/10.95 s course,
 []




Package fancyhdr Warning: \headheight is too small (12.0pt): 
(fancyhdr)                Make it at least 13.59999pt, for example:
(fancyhdr)                \setlength{\headheight}{13.59999pt}.
(fancyhdr)                You might also make \topmargin smaller:
(fancyhdr)                \addtolength{\topmargin}{-1.59999pt}.

[63]
Overfull \hbox (1.47437pt too wide) in paragraph at lines 2456--2469
\T1/ppl/m/n/10.95 than leagues, for the ridge proved harder than ex-pected, its
 stone
 []


Overfull \hbox (1.69363pt too wide) in paragraph at lines 2456--2469
\T1/ppl/m/n/10.95 bronze tools of the work-ers and sent frag-ments fly-ing like
 deadly
 []


Overfull \hbox (0.32501pt too wide) in paragraph at lines 2456--2469
\T1/ppl/m/n/10.95 nel. Gareth him-self bore scars from that work, a white line 
across
 []


Overfull \hbox (2.73445pt too wide) in paragraph at lines 2456--2469
\T1/ppl/m/n/10.95 his fore-head where a stone chip had marked him, and he count
ed
 []


Overfull \hbox (5.98549pt too wide) in paragraph at lines 2472--2486
\T1/ppl/m/n/10.95 that would re-lease the river into its new course. The wa-ter
 poured
 []




Package fancyhdr Warning: \headheight is too small (12.0pt): 
(fancyhdr)                Make it at least 13.59999pt, for example:
(fancyhdr)                \setlength{\headheight}{13.59999pt}.
(fancyhdr)                You might also make \topmargin smaller:
(fancyhdr)                \addtolength{\topmargin}{-1.59999pt}.

[64]
Overfull \hbox (6.46768pt too wide) in paragraph at lines 2489--2502
\T1/ppl/m/n/10.95 their sur-faces carved with chan-nels and grooves that would 
guide
 []




Package fancyhdr Warning: \headheight is too small (12.0pt): 
(fancyhdr)                Make it at least 13.59999pt, for example:
(fancyhdr)                \setlength{\headheight}{13.59999pt}.
(fancyhdr)                You might also make \topmargin smaller:
(fancyhdr)                \addtolength{\topmargin}{-1.59999pt}.

[65]
Overfull \hbox (3.96547pt too wide) in paragraph at lines 2540--2556
[]\T1/ppl/m/n/10.95 As the first per-ma-nent build-ings be-gan to rise upon the
 newly
 []




Package fancyhdr Warning: \headheight is too small (12.0pt): 
(fancyhdr)                Make it at least 13.59999pt, for example:
(fancyhdr)                \setlength{\headheight}{13.59999pt}.
(fancyhdr)                You might also make \topmargin smaller:
(fancyhdr)                \addtolength{\topmargin}{-1.59999pt}.

[66]
Overfull \hbox (1.69989pt too wide) in paragraph at lines 2559--2572
[]\T1/ppl/m/n/10.95 Foremost among these ri-vals stood House Maren, whose lord
 []


Overfull \hbox (1.50746pt too wide) in paragraph at lines 2575--2590
\T1/ppl/m/n/10.95 whose loy-alty had been se-cured through gen-er-a-tions of fa
ir deal-
 []




Package fancyhdr Warning: \headheight is too small (12.0pt): 
(fancyhdr)                Make it at least 13.59999pt, for example:
(fancyhdr)                \setlength{\headheight}{13.59999pt}.
(fancyhdr)                You might also make \topmargin smaller:
(fancyhdr)                \addtolength{\topmargin}{-1.59999pt}.

[67]
Overfull \hbox (0.42285pt too wide) in paragraph at lines 2611--2623
\T1/ppl/m/n/10.95 re-sent-ing their var-i-ous com-mer-cial en-ter-prises, the w
hole so rich
 []


Overfull \hbox (1.7913pt too wide) in paragraph at lines 2626--2642
\T1/ppl/m/n/10.95 of com-pet-ing no-bles. A so-lu-tion was found only when the 
young
 []


Overfull \hbox (2.1313pt too wide) in paragraph at lines 2626--2642
\T1/ppl/m/n/10.95 priest Matthias Star-weaver sug-gested that both ban-ners be 
flown
 []


Underfull \vbox (badness 1448) has occurred while \output is active []




Package fancyhdr Warning: \headheight is too small (12.0pt): 
(fancyhdr)                Make it at least 13.59999pt, for example:
(fancyhdr)                \setlength{\headheight}{13.59999pt}.
(fancyhdr)                You might also make \topmargin smaller:
(fancyhdr)                \addtolength{\topmargin}{-1.59999pt}.

[68]


Package fancyhdr Warning: \headheight is too small (12.0pt): 
(fancyhdr)                Make it at least 13.59999pt, for example:
(fancyhdr)                \setlength{\headheight}{13.59999pt}.
(fancyhdr)                You might also make \topmargin smaller:
(fancyhdr)                \addtolength{\topmargin}{-1.59999pt}.

[69]
Overfull \hbox (11.29648pt too wide) in paragraph at lines 2696--2710
\T1/ppl/m/n/10.95 op-po-nent\TS1/ppl/m/n/10.95 '\T1/ppl/m/n/10.95 s de-fenses t
hrough sheer au-dac-ity and phys-i-cal strength.
 []


Overfull \hbox (9.09538pt too wide) in paragraph at lines 2713--2727
\T1/ppl/m/n/10.95 sun to clear the hori-zon, both men dis-play-ing the skill an
d courage
 []




Package fancyhdr Warning: \headheight is too small (12.0pt): 
(fancyhdr)                Make it at least 13.59999pt, for example:
(fancyhdr)                \setlength{\headheight}{13.59999pt}.
(fancyhdr)                You might also make \topmargin smaller:
(fancyhdr)                \addtolength{\topmargin}{-1.59999pt}.

[70]
Overfull \hbox (3.37434pt too wide) in paragraph at lines 2732--2748
[]\T1/ppl/m/n/10.95 The pros-per-ity that flowed into Kher Valaan through the r
iver
 []




Package fancyhdr Warning: \headheight is too small (12.0pt): 
(fancyhdr)                Make it at least 13.59999pt, for example:
(fancyhdr)                \setlength{\headheight}{13.59999pt}.
(fancyhdr)                You might also make \topmargin smaller:
(fancyhdr)                \addtolength{\topmargin}{-1.59999pt}.

[71]
Overfull \hbox (3.9985pt too wide) in paragraph at lines 2768--2784
[]\T1/ppl/m/n/10.95 The ban-dits worked with the ef-fi-ciency of long prac-tice
, trans-
 []




Package fancyhdr Warning: \headheight is too small (12.0pt): 
(fancyhdr)                Make it at least 13.59999pt, for example:
(fancyhdr)                \setlength{\headheight}{13.59999pt}.
(fancyhdr)                You might also make \topmargin smaller:
(fancyhdr)                \addtolength{\topmargin}{-1.59999pt}.

[72]


Package fancyhdr Warning: \headheight is too small (12.0pt): 
(fancyhdr)                Make it at least 13.59999pt, for example:
(fancyhdr)                \setlength{\headheight}{13.59999pt}.
(fancyhdr)                You might also make \topmargin smaller:
(fancyhdr)                \addtolength{\topmargin}{-1.59999pt}.

[73]
Overfull \hbox (1.7157pt too wide) in paragraph at lines 2855--2869
\T1/ppl/m/n/10.95 these men would need reg-u-lar wages and good equip-ment whil
e
 []


Overfull \hbox (6.12804pt too wide) in paragraph at lines 2872--2888
\T1/ppl/m/n/10.95 of their for-mal es-tab-lish-ment, when a pa-trol led by Cap-
tain Stone-
 []


Overfull \hbox (0.3576pt too wide) in paragraph at lines 2872--2888
\T1/ppl/m/n/10.95 drunken cel-e-bra-tion that makes men easy tar-gets for de-te
r-mined
 []


Underfull \vbox (badness 1448) has occurred while \output is active []




Package fancyhdr Warning: \headheight is too small (12.0pt): 
(fancyhdr)                Make it at least 13.59999pt, for example:
(fancyhdr)                \setlength{\headheight}{13.59999pt}.
(fancyhdr)                You might also make \topmargin smaller:
(fancyhdr)                \addtolength{\topmargin}{-1.59999pt}.

[74]
Overfull \hbox (7.98976pt too wide) in paragraph at lines 2893--2907
\T1/ppl/m/n/10.95 en-sued re-vealed fun-da-men-tal dif-fer-ences in re-li-gious
 un-der-stand-
 []




Package fancyhdr Warning: \headheight is too small (12.0pt): 
(fancyhdr)                Make it at least 13.59999pt, for example:
(fancyhdr)                \setlength{\headheight}{13.59999pt}.
(fancyhdr)                You might also make \topmargin smaller:
(fancyhdr)                \addtolength{\topmargin}{-1.59999pt}.

[75]
Overfull \hbox (5.72327pt too wide) in paragraph at lines 2928--2943
\T1/ppl/m/n/10.95 the sud-den vi-o-lence of earth-quake and avalanche. He pro-c
laimed
 []


Underfull \vbox (badness 1448) has occurred while \output is active []




Package fancyhdr Warning: \headheight is too small (12.0pt): 
(fancyhdr)                Make it at least 13.59999pt, for example:
(fancyhdr)                \setlength{\headheight}{13.59999pt}.
(fancyhdr)                You might also make \topmargin smaller:
(fancyhdr)                \addtolength{\topmargin}{-1.59999pt}.

[76]


Package fancyhdr Warning: \headheight is too small (12.0pt): 
(fancyhdr)                Make it at least 13.59999pt, for example:
(fancyhdr)                \setlength{\headheight}{13.59999pt}.
(fancyhdr)                You might also make \topmargin smaller:
(fancyhdr)                \addtolength{\topmargin}{-1.59999pt}.

[77]
Overfull \hbox (5.53706pt too wide) in paragraph at lines 3001--3014
\T1/ppl/m/n/10.95 ap-proaches for en-e-mies or nat-u-ral dis-as-ters, where its
 walls could
 []


Overfull \hbox (3.43436pt too wide) in paragraph at lines 3033--3048
\T1/ppl/m/n/10.95 had led the clans through uni-fi-ca-tion and guided the city 
through
 []




Package fancyhdr Warning: \headheight is too small (12.0pt): 
(fancyhdr)                Make it at least 13.59999pt, for example:
(fancyhdr)                \setlength{\headheight}{13.59999pt}.
(fancyhdr)                You might also make \topmargin smaller:
(fancyhdr)                \addtolength{\topmargin}{-1.59999pt}.

[78]
Overfull \hbox (3.48944pt too wide) in paragraph at lines 3052--3065
\T1/ppl/m/it/10.95 seem-ing out of place among the looms and spin-ning wheels,
 []




Package fancyhdr Warning: \headheight is too small (12.0pt): 
(fancyhdr)                Make it at least 13.59999pt, for example:
(fancyhdr)                \setlength{\headheight}{13.59999pt}.
(fancyhdr)                You might also make \topmargin smaller:
(fancyhdr)                \addtolength{\topmargin}{-1.59999pt}.

[79]
Overfull \hbox (8.14272pt too wide) in paragraph at lines 3106--3119
\T1/ppl/m/it/10.95 math-e-mat-i-cal pre-ci-sion ac-cord-ing to the pat-tern I h
ad drawn
 []




Package fancyhdr Warning: \headheight is too small (12.0pt): 
(fancyhdr)                Make it at least 13.59999pt, for example:
(fancyhdr)                \setlength{\headheight}{13.59999pt}.
(fancyhdr)                You might also make \topmargin smaller:
(fancyhdr)                \addtolength{\topmargin}{-1.59999pt}.

[80]
Overfull \hbox (8.03432pt too wide) in paragraph at lines 3124--3135
[]\T1/ppl/m/it/10.95 The work pro-ceeded slowly through the sum-mer months,
 []




Package fancyhdr Warning: \headheight is too small (12.0pt): 
(fancyhdr)                Make it at least 13.59999pt, for example:
(fancyhdr)                \setlength{\headheight}{13.59999pt}.
(fancyhdr)                You might also make \topmargin smaller:
(fancyhdr)                \addtolength{\topmargin}{-1.59999pt}.

[81]


Package fancyhdr Warning: \headheight is too small (12.0pt): 
(fancyhdr)                Make it at least 13.59999pt, for example:
(fancyhdr)                \setlength{\headheight}{13.59999pt}.
(fancyhdr)                You might also make \topmargin smaller:
(fancyhdr)                \addtolength{\topmargin}{-1.59999pt}.

[82]
Overfull \hbox (0.22601pt too wide) in paragraph at lines 3194--3207
\T1/ppl/m/n/10.95 its own as some-thing more than an am-bi-tious col-lec-tion o
f build-
 []


Overfull \hbox (5.89796pt too wide) in paragraph at lines 3194--3207
\T1/ppl/m/n/10.95 shared pur-pose into a com-mu-nity bound to-gether by ties st
ronger
 []




Package fancyhdr Warning: \headheight is too small (12.0pt): 
(fancyhdr)                Make it at least 13.59999pt, for example:
(fancyhdr)                \setlength{\headheight}{13.59999pt}.
(fancyhdr)                You might also make \topmargin smaller:
(fancyhdr)                \addtolength{\topmargin}{-1.59999pt}.

[83]
Overfull \hbox (5.72307pt too wide) in paragraph at lines 3246--3257
\T1/ppl/m/n/10.95 in breath-less si-lence as the ban-ner reached the sum-mit an
d caught
 []


Overfull \hbox (12.31456pt too wide) in paragraph at lines 3260--3271
\T1/ppl/m/n/10.95 voices of thou-sands join-ing in spon-ta-neous cel-e-bra-tion
 that needed
 []


Underfull \vbox (badness 1448) has occurred while \output is active []




Package fancyhdr Warning: \headheight is too small (12.0pt): 
(fancyhdr)                Make it at least 13.59999pt, for example:
(fancyhdr)                \setlength{\headheight}{13.59999pt}.
(fancyhdr)                You might also make \topmargin smaller:
(fancyhdr)                \addtolength{\topmargin}{-1.59999pt}.

[84]
Overfull \hbox (0.6917pt too wide) in paragraph at lines 3290--3304
[]\T1/ppl/m/n/10.95 The food pre-pared for the fes-ti-val rep-re-sented a culi-
nary tour
 []




Package fancyhdr Warning: \headheight is too small (12.0pt): 
(fancyhdr)                Make it at least 13.59999pt, for example:
(fancyhdr)                \setlength{\headheight}{13.59999pt}.
(fancyhdr)                You might also make \topmargin smaller:
(fancyhdr)                \addtolength{\topmargin}{-1.59999pt}.

[85]
Overfull \hbox (4.38707pt too wide) in paragraph at lines 3322--3334
[]\T1/ppl/m/it/10.95 I will never for-get the mo-ment when that ban-ner caught
 []




Package fancyhdr Warning: \headheight is too small (12.0pt): 
(fancyhdr)                Make it at least 13.59999pt, for example:
(fancyhdr)                \setlength{\headheight}{13.59999pt}.
(fancyhdr)                You might also make \topmargin smaller:
(fancyhdr)                \addtolength{\topmargin}{-1.59999pt}.

[86]
Underfull \vbox (badness 2126) has occurred while \output is active []




Package fancyhdr Warning: \headheight is too small (12.0pt): 
(fancyhdr)                Make it at least 13.59999pt, for example:
(fancyhdr)                \setlength{\headheight}{13.59999pt}.
(fancyhdr)                You might also make \topmargin smaller:
(fancyhdr)                \addtolength{\topmargin}{-1.59999pt}.

[87]


Package fancyhdr Warning: \headheight is too small (12.0pt): 
(fancyhdr)                Make it at least 13.59999pt, for example:
(fancyhdr)                \setlength{\headheight}{13.59999pt}.
(fancyhdr)                You might also make \topmargin smaller:
(fancyhdr)                \addtolength{\topmargin}{-1.59999pt}.

[88]
Overfull \hbox (6.19968pt too wide) in paragraph at lines 3473--3479
[]\T1/ppl/m/n/10.95 The ten-sion came to a head in FA 145, when a group of bann
er-
 []




Package fancyhdr Warning: \headheight is too small (12.0pt): 
(fancyhdr)                Make it at least 13.59999pt, for example:
(fancyhdr)                \setlength{\headheight}{13.59999pt}.
(fancyhdr)                You might also make \topmargin smaller:
(fancyhdr)                \addtolength{\topmargin}{-1.59999pt}.

[89]
Overfull \hbox (13.26807pt too wide) in paragraph at lines 3519--3524
\T1/ppl/m/n/10.95 March re-mained a rest-less province, its banner-lords al-way
s watch-
 []




Package fancyhdr Warning: \headheight is too small (12.0pt): 
(fancyhdr)                Make it at least 13.59999pt, for example:
(fancyhdr)                \setlength{\headheight}{13.59999pt}.
(fancyhdr)                You might also make \topmargin smaller:
(fancyhdr)                \addtolength{\topmargin}{-1.59999pt}.

[90]
Overfull \hbox (1.75789pt too wide) in paragraph at lines 3533--3533
[]\T1/ppl/b/n/14.4 Arc III Sup-ple-men-tary: The Cost of Unity 
 []




Package fancyhdr Warning: \headheight is too small (12.0pt): 
(fancyhdr)                Make it at least 13.59999pt, for example:
(fancyhdr)                \setlength{\headheight}{13.59999pt}.
(fancyhdr)                You might also make \topmargin smaller:
(fancyhdr)                \addtolength{\topmargin}{-1.59999pt}.

[91]
Overfull \hbox (4.16817pt too wide) in paragraph at lines 3563--3568
\T1/ppl/m/n/10.95 whose hands bore the cal-luses of a life-time hold-ing reins,
 brought
 []


Overfull \hbox (6.66452pt too wide) in paragraph at lines 3590--3596
\T1/ppl/m/n/10.95 boots echo-ing against the stones, while his assistant---a th
in youth
 []


Overfull \hbox (4.20166pt too wide) in paragraph at lines 3590--3596
\T1/ppl/m/n/10.95 named Mar-cus who had joined the In-spec-tors more for the st
eady
 []




Package fancyhdr Warning: \headheight is too small (12.0pt): 
(fancyhdr)                Make it at least 13.59999pt, for example:
(fancyhdr)                \setlength{\headheight}{13.59999pt}.
(fancyhdr)                You might also make \topmargin smaller:
(fancyhdr)                \addtolength{\topmargin}{-1.59999pt}.

[92]
Overfull \hbox (3.52156pt too wide) in paragraph at lines 3619--3627
\T1/ppl/m/n/10.95 sisters of uni-fi-ca-tion, hold-ing their for-est strongholds
 un-til nearly
 []


Overfull \hbox (2.22456pt too wide) in paragraph at lines 3630--3635
[]\T1/ppl/m/n/10.95 "The penalty for dis-play-ing for-bid-den em-blems," Kel-le
th said
 []


Overfull \hbox (1.66034pt too wide) in paragraph at lines 3636--3643
\T1/ppl/m/n/10.95 were swal-low-ing some-thing bit-ter. Be-hind him, the other 
drivers
 []


Overfull \hbox (0.63144pt too wide) in paragraph at lines 3636--3643
\T1/ppl/m/n/10.95 fates now hung in the bal-ance of this mo-ment. The Heart-Thr
ead
 []


Overfull \hbox (3.96008pt too wide) in paragraph at lines 3636--3643
\T1/ppl/m/n/10.95 cases, but to in-ves-ti-gate en-tire car-a-vans when cir-cum-
stances war-
 []




Package fancyhdr Warning: \headheight is too small (12.0pt): 
(fancyhdr)                Make it at least 13.59999pt, for example:
(fancyhdr)                \setlength{\headheight}{13.59999pt}.
(fancyhdr)                You might also make \topmargin smaller:
(fancyhdr)                \addtolength{\topmargin}{-1.59999pt}.

[93]


Package fancyhdr Warning: \headheight is too small (12.0pt): 
(fancyhdr)                Make it at least 13.59999pt, for example:
(fancyhdr)                \setlength{\headheight}{13.59999pt}.
(fancyhdr)                You might also make \topmargin smaller:
(fancyhdr)                \addtolength{\topmargin}{-1.59999pt}.

[94]
Overfull \hbox (3.86157pt too wide) in paragraph at lines 3689--3697
\T1/ppl/m/n/10.95 was grat-i-tude there, cer-tainly, for the mercy that had bee
n shown,
 []


Overfull \hbox (5.29083pt too wide) in paragraph at lines 3698--3704
[]\T1/ppl/m/n/10.95 The car-a-van de-parted with ap-pro-pri-ate thanks and the 
proper
 []


Overfull \hbox (12.56671pt too wide) in paragraph at lines 3708--3714
\T1/ppl/m/n/10.95 have made trouble---could have con-fis-cated the en-tire carg
o, levied
 []




Package fancyhdr Warning: \headheight is too small (12.0pt): 
(fancyhdr)                Make it at least 13.59999pt, for example:
(fancyhdr)                \setlength{\headheight}{13.59999pt}.
(fancyhdr)                You might also make \topmargin smaller:
(fancyhdr)                \addtolength{\topmargin}{-1.59999pt}.

[95]
Overfull \hbox (1.08017pt too wide) in paragraph at lines 3735--3743
\T1/ppl/m/n/10.95 had been es-tab-lished not merely to en-force com-pli-ance wi
th ban-
 []




Package fancyhdr Warning: \headheight is too small (12.0pt): 
(fancyhdr)                Make it at least 13.59999pt, for example:
(fancyhdr)                \setlength{\headheight}{13.59999pt}.
(fancyhdr)                You might also make \topmargin smaller:
(fancyhdr)                \addtolength{\topmargin}{-1.59999pt}.

[96]


Package fancyhdr Warning: \headheight is too small (12.0pt): 
(fancyhdr)                Make it at least 13.59999pt, for example:
(fancyhdr)                \setlength{\headheight}{13.59999pt}.
(fancyhdr)                You might also make \topmargin smaller:
(fancyhdr)                \addtolength{\topmargin}{-1.59999pt}.

[97]
Overfull \hbox (0.51651pt too wide) in paragraph at lines 3807--3813
[]\T1/ppl/m/n/10.95 The ex-change of cour-te-sies that fol-lowed was brief but 
mean-
 []


Overfull \hbox (7.74895pt too wide) in paragraph at lines 3816--3821
\T1/ppl/m/n/10.95 gency of the ap-proach, but re-laxed when he rec-og-nized the
 bronze
 []




Package fancyhdr Warning: \headheight is too small (12.0pt): 
(fancyhdr)                Make it at least 13.59999pt, for example:
(fancyhdr)                \setlength{\headheight}{13.59999pt}.
(fancyhdr)                You might also make \topmargin smaller:
(fancyhdr)                \addtolength{\topmargin}{-1.59999pt}.

[98]
Underfull \vbox (badness 10000) has occurred while \output is active []




Package fancyhdr Warning: \headheight is too small (12.0pt): 
(fancyhdr)                Make it at least 13.59999pt, for example:
(fancyhdr)                \setlength{\headheight}{13.59999pt}.
(fancyhdr)                You might also make \topmargin smaller:
(fancyhdr)                \addtolength{\topmargin}{-1.59999pt}.

[99]
Overfull \hbox (9.80663pt too wide) in paragraph at lines 3903--3914
\T1/ppl/m/n/10.95 cas-tle com-plex, com-plete with ex-ten-sive out-build-ings, 
work-shops,
 []




Package fancyhdr Warning: \headheight is too small (12.0pt): 
(fancyhdr)                Make it at least 13.59999pt, for example:
(fancyhdr)                \setlength{\headheight}{13.59999pt}.
(fancyhdr)                You might also make \topmargin smaller:
(fancyhdr)                \addtolength{\topmargin}{-1.59999pt}.

[100]
Overfull \hbox (16.56921pt too wide) in paragraph at lines 3937--3947
[]\T1/ppl/m/n/10.95 But per-haps most im-por-tantly, he learned to un-der-stand
 pride---
 []


Overfull \hbox (4.78163pt too wide) in paragraph at lines 3962--3972
\T1/ppl/m/n/10.95 then daugh-ters Mira and Cate-lyn, and fi-nally an-other son,
 Aldric,
 []


Overfull \hbox (4.62761pt too wide) in paragraph at lines 3962--3972
\T1/ppl/m/n/10.95 tra-di-tional cer-e-monies that marked the con-tin-u-a-tion o
f the blood-
 []


Underfull \vbox (badness 1448) has occurred while \output is active []




Package fancyhdr Warning: \headheight is too small (12.0pt): 
(fancyhdr)                Make it at least 13.59999pt, for example:
(fancyhdr)                \setlength{\headheight}{13.59999pt}.
(fancyhdr)                You might also make \topmargin smaller:
(fancyhdr)                \addtolength{\topmargin}{-1.59999pt}.

[101]


Package fancyhdr Warning: \headheight is too small (12.0pt): 
(fancyhdr)                Make it at least 13.59999pt, for example:
(fancyhdr)                \setlength{\headheight}{13.59999pt}.
(fancyhdr)                You might also make \topmargin smaller:
(fancyhdr)                \addtolength{\topmargin}{-1.59999pt}.

[102]
Overfull \hbox (9.03506pt too wide) in paragraph at lines 4045--4056
[]\T1/ppl/m/n/10.95 The de-ci-sion to re-ject the ini-tial over-tures was not m
ade lightly.
 []


Overfull \hbox (1.21155pt too wide) in paragraph at lines 4045--4056
\T1/ppl/m/n/10.95 with ban-dits and ri-val houses, ex-pressed con-fi-dence in t
heir abil-
 []




Package fancyhdr Warning: \headheight is too small (12.0pt): 
(fancyhdr)                Make it at least 13.59999pt, for example:
(fancyhdr)                \setlength{\headheight}{13.59999pt}.
(fancyhdr)                You might also make \topmargin smaller:
(fancyhdr)                \addtolength{\topmargin}{-1.59999pt}.

[103]
Overfull \hbox (2.53188pt too wide) in paragraph at lines 4077--4086
[]\T1/ppl/m/n/10.95 What fol-lowed was a pe-riod of un-easy calm that lasted ne
arly
 []


Underfull \vbox (badness 1448) has occurred while \output is active []




Package fancyhdr Warning: \headheight is too small (12.0pt): 
(fancyhdr)                Make it at least 13.59999pt, for example:
(fancyhdr)                \setlength{\headheight}{13.59999pt}.
(fancyhdr)                You might also make \topmargin smaller:
(fancyhdr)                \addtolength{\topmargin}{-1.59999pt}.

[104]
Overfull \hbox (2.8538pt too wide) in paragraph at lines 4098--4106
\T1/ppl/m/n/10.95 ing not just for his own house, but for prin-ci-ples that tra
n-scended
 []


Overfull \hbox (1.20085pt too wide) in paragraph at lines 4126--4134
\T1/ppl/m/n/10.95 self, who dur-ing these months of prepa-ra-tion un-der-went a
 trans-
 []


Overfull \hbox (2.36134pt too wide) in paragraph at lines 4126--4134
\T1/ppl/m/n/10.95 char-ac-ter-ized his lead-er-ship, but those who knew him wel
l could
 []


Underfull \vbox (badness 1448) has occurred while \output is active []




Package fancyhdr Warning: \headheight is too small (12.0pt): 
(fancyhdr)                Make it at least 13.59999pt, for example:
(fancyhdr)                \setlength{\headheight}{13.59999pt}.
(fancyhdr)                You might also make \topmargin smaller:
(fancyhdr)                \addtolength{\topmargin}{-1.59999pt}.

[105]


Package fancyhdr Warning: \headheight is too small (12.0pt): 
(fancyhdr)                Make it at least 13.59999pt, for example:
(fancyhdr)                \setlength{\headheight}{13.59999pt}.
(fancyhdr)                You might also make \topmargin smaller:
(fancyhdr)                \addtolength{\topmargin}{-1.59999pt}.

[106]


Package fancyhdr Warning: \headheight is too small (12.0pt): 
(fancyhdr)                Make it at least 13.59999pt, for example:
(fancyhdr)                \setlength{\headheight}{13.59999pt}.
(fancyhdr)                You might also make \topmargin smaller:
(fancyhdr)                \addtolength{\topmargin}{-1.59999pt}.

[107]
Overfull \hbox (2.88635pt too wide) in paragraph at lines 4234--4245
\T1/ppl/m/n/10.95 au-tumn rep-re-sented the largest sin-gle mil-i-tary con-cen-
tra-tion that
 []


Underfull \vbox (badness 1448) has occurred while \output is active []




Package fancyhdr Warning: \headheight is too small (12.0pt): 
(fancyhdr)                Make it at least 13.59999pt, for example:
(fancyhdr)                \setlength{\headheight}{13.59999pt}.
(fancyhdr)                You might also make \topmargin smaller:
(fancyhdr)                \addtolength{\topmargin}{-1.59999pt}.

[108]
Overfull \hbox (6.99889pt too wide) in paragraph at lines 4246--4258
[]\T1/ppl/m/n/10.95 The com-po-si-tion of this force re-flected the Iron Ban-ne
r\TS1/ppl/m/n/10.95 '\T1/ppl/m/n/10.95 s evolv-
 []




Package fancyhdr Warning: \headheight is too small (12.0pt): 
(fancyhdr)                Make it at least 13.59999pt, for example:
(fancyhdr)                \setlength{\headheight}{13.59999pt}.
(fancyhdr)                You might also make \topmargin smaller:
(fancyhdr)                \addtolength{\topmargin}{-1.59999pt}.

[109]
Overfull \hbox (17.1323pt too wide) in paragraph at lines 4292--4301
\T1/ppl/m/n/10.95 la-ra-tions es-tab-lished the pat-tern that would char-ac-ter
-ize the months
 []


Overfull \hbox (2.47646pt too wide) in paragraph at lines 4302--4309
[]\T1/ppl/m/n/10.95 Simultaneously, the be-siegers be-gan the sys-tem-atic bom-
bard-
 []


Overfull \hbox (4.858pt too wide) in paragraph at lines 4302--4309
\T1/ppl/m/n/10.95 pro-jec-tiles against the an-cient ma-sonry. The de-fend-ers 
re-sponded
 []




Package fancyhdr Warning: \headheight is too small (12.0pt): 
(fancyhdr)                Make it at least 13.59999pt, for example:
(fancyhdr)                \setlength{\headheight}{13.59999pt}.
(fancyhdr)                You might also make \topmargin smaller:
(fancyhdr)                \addtolength{\topmargin}{-1.59999pt}.

[110]
Overfull \hbox (16.51929pt too wide) in paragraph at lines 4331--4340
\T1/ppl/m/n/10.95 op-por-tu-nity and dan-ger. Their su-pe-rior knowl-edge of lo
-cal weather
 []


Overfull \hbox (13.63936pt too wide) in paragraph at lines 4341--4351
\T1/ppl/m/n/10.95 Their larger num-bers re-quired more ex-ten-sive sup-ply line
s, stretch-
 []


Underfull \vbox (badness 3428) has occurred while \output is active []




Package fancyhdr Warning: \headheight is too small (12.0pt): 
(fancyhdr)                Make it at least 13.59999pt, for example:
(fancyhdr)                \setlength{\headheight}{13.59999pt}.
(fancyhdr)                You might also make \topmargin smaller:
(fancyhdr)                \addtolength{\topmargin}{-1.59999pt}.

[111]
Overfull \hbox (3.80183pt too wide) in paragraph at lines 4402--4409
[]\T1/ppl/m/n/10.95 The un-der-ground war-fare that de-vel-oped dur-ing these w
eeks
 []


Overfull \hbox (3.42355pt too wide) in paragraph at lines 4402--4409
\T1/ppl/m/n/10.95 barely wide enough for a sin-gle per-son, where the con-stant
 threat
 []




Package fancyhdr Warning: \headheight is too small (12.0pt): 
(fancyhdr)                Make it at least 13.59999pt, for example:
(fancyhdr)                \setlength{\headheight}{13.59999pt}.
(fancyhdr)                You might also make \topmargin smaller:
(fancyhdr)                \addtolength{\topmargin}{-1.59999pt}.

[112]
Overfull \hbox (4.83635pt too wide) in paragraph at lines 4410--4418
\T1/ppl/m/n/10.95 ducted this un-der-ground cam-paign rep-re-sented some of the
 most
 []


Underfull \vbox (badness 1448) has occurred while \output is active []




Package fancyhdr Warning: \headheight is too small (12.0pt): 
(fancyhdr)                Make it at least 13.59999pt, for example:
(fancyhdr)                \setlength{\headheight}{13.59999pt}.
(fancyhdr)                You might also make \topmargin smaller:
(fancyhdr)                \addtolength{\topmargin}{-1.59999pt}.

[113]


Package fancyhdr Warning: \headheight is too small (12.0pt): 
(fancyhdr)                Make it at least 13.59999pt, for example:
(fancyhdr)                \setlength{\headheight}{13.59999pt}.
(fancyhdr)                You might also make \topmargin smaller:
(fancyhdr)                \addtolength{\topmargin}{-1.59999pt}.

[114]
Overfull \hbox (1.66063pt too wide) in paragraph at lines 4511--4522
\T1/ppl/m/n/10.95 jor cross-roads through-out the ter-ri-to-ries claimed by the
 Iron Ban-
 []




Package fancyhdr Warning: \headheight is too small (12.0pt): 
(fancyhdr)                Make it at least 13.59999pt, for example:
(fancyhdr)                \setlength{\headheight}{13.59999pt}.
(fancyhdr)                You might also make \topmargin smaller:
(fancyhdr)                \addtolength{\topmargin}{-1.59999pt}.

[115]
Overfull \hbox (8.78876pt too wide) in paragraph at lines 4523--4534
\T1/ppl/m/n/10.95 sweep-ing op-er-a-tions against sus-pected re-sis-tance net-w
orks, while
 []


Underfull \vbox (badness 3428) has occurred while \output is active []




Package fancyhdr Warning: \headheight is too small (12.0pt): 
(fancyhdr)                Make it at least 13.59999pt, for example:
(fancyhdr)                \setlength{\headheight}{13.59999pt}.
(fancyhdr)                You might also make \topmargin smaller:
(fancyhdr)                \addtolength{\topmargin}{-1.59999pt}.

[116]
Overfull \hbox (1.83589pt too wide) in paragraph at lines 4587--4597
\T1/ppl/m/n/10.95 ish-ment were em-ployed to dis-cour-age re-sis-tance. Pris-on
-ers were
 []




Package fancyhdr Warning: \headheight is too small (12.0pt): 
(fancyhdr)                Make it at least 13.59999pt, for example:
(fancyhdr)                \setlength{\headheight}{13.59999pt}.
(fancyhdr)                You might also make \topmargin smaller:
(fancyhdr)                \addtolength{\topmargin}{-1.59999pt}.

[117]
Overfull \hbox (0.85603pt too wide) in paragraph at lines 4598--4609
[]\T1/ppl/m/n/10.95 The in-ter-ro-ga-tion pro-ce-dures them-selves were con-duc
ted ac-
 []


Overfull \hbox (5.45992pt too wide) in paragraph at lines 4598--4609
\T1/ppl/m/n/10.95 de-vel-op-ing psy-cho-log-i-cal de-fenses based on pre-dictab
le rou-tines.
 []


Overfull \hbox (2.83139pt too wide) in paragraph at lines 4622--4632
\T1/ppl/m/n/10.95 cour-age crit-i-cal think-ing about cur-rent poli-cies found 
them-selves
 []


Overfull \hbox (7.8143pt too wide) in paragraph at lines 4622--4632
\T1/ppl/m/n/10.95 re-search that might cast doubt on of-fi-cial ver-sions of re
-cent events.
 []


Overfull \hbox (1.73685pt too wide) in paragraph at lines 4622--4632
\T1/ppl/m/n/10.95 es-pe-cially if their au-di-ences in-cluded in-di-vid-u-als f
rom other sus-
 []


Overfull \hbox (19.65114pt too wide) in paragraph at lines 4633--4642
\T1/ppl/m/n/10.95 ing net-works of in-for-mants and surveil-lance tech-niques t
hat reached
 []


Overfull \hbox (5.53693pt too wide) in paragraph at lines 4633--4642
\T1/ppl/m/n/10.95 house-hold ser-vants, and even fam-ily mem-bers might be re-c
ruited
 []


Underfull \vbox (badness 1448) has occurred while \output is active []




Package fancyhdr Warning: \headheight is too small (12.0pt): 
(fancyhdr)                Make it at least 13.59999pt, for example:
(fancyhdr)                \setlength{\headheight}{13.59999pt}.
(fancyhdr)                You might also make \topmargin smaller:
(fancyhdr)                \addtolength{\topmargin}{-1.59999pt}.

[118]
Overfull \hbox (7.28925pt too wide) in paragraph at lines 4674--4683
\T1/ppl/m/n/10.95 ports, med-i-cal records, and ad-min-is-tra-tive doc-u-ments 
were main-
 []




Package fancyhdr Warning: \headheight is too small (12.0pt): 
(fancyhdr)                Make it at least 13.59999pt, for example:
(fancyhdr)                \setlength{\headheight}{13.59999pt}.
(fancyhdr)                You might also make \topmargin smaller:
(fancyhdr)                \addtolength{\topmargin}{-1.59999pt}.

[119]


Package fancyhdr Warning: \headheight is too small (12.0pt): 
(fancyhdr)                Make it at least 13.59999pt, for example:
(fancyhdr)                \setlength{\headheight}{13.59999pt}.
(fancyhdr)                You might also make \topmargin smaller:
(fancyhdr)                \addtolength{\topmargin}{-1.59999pt}.

[120]
Overfull \hbox (3.68117pt too wide) in paragraph at lines 4733--4741
[]\T1/ppl/m/n/10.95 But per-haps more sig-nif-i-cantly, the mere knowl-edge tha
t such
 []




Package fancyhdr Warning: \headheight is too small (12.0pt): 
(fancyhdr)                Make it at least 13.59999pt, for example:
(fancyhdr)                \setlength{\headheight}{13.59999pt}.
(fancyhdr)                You might also make \topmargin smaller:
(fancyhdr)                \addtolength{\topmargin}{-1.59999pt}.

[121]
Overfull \hbox (3.56116pt too wide) in paragraph at lines 4759--4772
[]\T1/ppl/m/n/10.95 When the fi-nal sur-ren-der of the high-land strongholds ma
rked
 []


Overfull \hbox (1.40848pt too wide) in paragraph at lines 4783--4792
\T1/ppl/m/n/10.95 ing con-ducted in the halls of the vic-to-ri-ous pow-ers, whi
ch would
 []




Package fancyhdr Warning: \headheight is too small (12.0pt): 
(fancyhdr)                Make it at least 13.59999pt, for example:
(fancyhdr)                \setlength{\headheight}{13.59999pt}.
(fancyhdr)                You might also make \topmargin smaller:
(fancyhdr)                \addtolength{\topmargin}{-1.59999pt}.

[122]
Overfull \hbox (13.52513pt too wide) in paragraph at lines 4807--4817
[]\T1/ppl/m/n/10.95 The cer-e-monies them-selves fol-lowed a care-fully chore-o
graphed
 []


Overfull \hbox (0.1493pt too wide) in paragraph at lines 4807--4817
\T1/ppl/m/n/10.95 open-ing was marked by the light-ing of the first lanterns---
simple
 []


Overfull \hbox (5.3947pt too wide) in paragraph at lines 4828--4839
\T1/ppl/m/n/10.95 con-sist-ing of crys-tals that had been har-vested from sa-cr
ed springs
 []


Underfull \vbox (badness 1448) has occurred while \output is active []




Package fancyhdr Warning: \headheight is too small (12.0pt): 
(fancyhdr)                Make it at least 13.59999pt, for example:
(fancyhdr)                \setlength{\headheight}{13.59999pt}.
(fancyhdr)                You might also make \topmargin smaller:
(fancyhdr)                \addtolength{\topmargin}{-1.59999pt}.

[123]
Overfull \hbox (1.27705pt too wide) in paragraph at lines 4852--4860
\T1/ppl/m/n/10.95 that would demon-strate the new re-la-tion-ships be-ing es-ta
b-lished.
 []




Package fancyhdr Warning: \headheight is too small (12.0pt): 
(fancyhdr)                Make it at least 13.59999pt, for example:
(fancyhdr)                \setlength{\headheight}{13.59999pt}.
(fancyhdr)                You might also make \topmargin smaller:
(fancyhdr)                \addtolength{\topmargin}{-1.59999pt}.

[124]
Overfull \hbox (11.9811pt too wide) in paragraph at lines 4878--4887
[]\T1/ppl/m/n/10.95 As the af-ter-noon pro-gressed into evening, the cer-e-mony
 shifted
 []


Overfull \hbox (4.79782pt too wide) in paragraph at lines 4899--4905
[]\T1/ppl/m/n/10.95 The for-mal oaths that ac-com-pa-nied this evening light-in
g were
 []




Package fancyhdr Warning: \headheight is too small (12.0pt): 
(fancyhdr)                Make it at least 13.59999pt, for example:
(fancyhdr)                \setlength{\headheight}{13.59999pt}.
(fancyhdr)                You might also make \topmargin smaller:
(fancyhdr)                \addtolength{\topmargin}{-1.59999pt}.

[125]
Overfull \hbox (3.39049pt too wide) in paragraph at lines 4920--4927
\T1/ppl/m/n/10.95 oaths cre-ated in-di-vid-ual bonds be-tween spe-cific lead-er
s that sup-
 []


Overfull \hbox (3.53325pt too wide) in paragraph at lines 4949--4956
\T1/ppl/m/n/10.95 ment of pro-ce-dures for its preser-va-tion and ac-cess. Copi
es would
 []




Package fancyhdr Warning: \headheight is too small (12.0pt): 
(fancyhdr)                Make it at least 13.59999pt, for example:
(fancyhdr)                \setlength{\headheight}{13.59999pt}.
(fancyhdr)                You might also make \topmargin smaller:
(fancyhdr)                \addtolength{\topmargin}{-1.59999pt}.

[126]
Overfull \hbox (0.69153pt too wide) in paragraph at lines 4967--4974
[]\T1/ppl/m/n/10.95 The im-me-di-ate prac-ti-cal ef-fects of these elab-o-rate 
cer-e-monies
 []


Overfull \hbox (10.14699pt too wide) in paragraph at lines 4983--4992
\T1/ppl/m/n/10.95 stances that had cre-ated them had passed into his-tory. The 
Lantern
 []




Package fancyhdr Warning: \headheight is too small (12.0pt): 
(fancyhdr)                Make it at least 13.59999pt, for example:
(fancyhdr)                \setlength{\headheight}{13.59999pt}.
(fancyhdr)                You might also make \topmargin smaller:
(fancyhdr)                \addtolength{\topmargin}{-1.59999pt}.

[127]
Overfull \hbox (4.20096pt too wide) in paragraph at lines 5008--5020
\T1/ppl/m/n/10.95 leaves in the winds of po-lit-i-cal change dur-ing the Covena
nt Wars,
 []




Package fancyhdr Warning: \headheight is too small (12.0pt): 
(fancyhdr)                Make it at least 13.59999pt, for example:
(fancyhdr)                \setlength{\headheight}{13.59999pt}.
(fancyhdr)                You might also make \topmargin smaller:
(fancyhdr)                \addtolength{\topmargin}{-1.59999pt}.

[128]
Overfull \hbox (5.06552pt too wide) in paragraph at lines 5058--5068
\T1/ppl/m/n/10.95 port both sides si-mul-ta-ne-ously while avoid-ing de-tec-tio
n re-quired
 []


Overfull \hbox (0.78447pt too wide) in paragraph at lines 5058--5068
\T1/ppl/m/n/10.95 com-mer-cial fi-nance. The in-tel-li-gence that Lord Ald-win 
pro-vided
 []


Overfull \hbox (7.36523pt too wide) in paragraph at lines 5058--5068
\T1/ppl/m/n/10.95 tion net-works that car-ried sup-plies and com-mu-ni-ca-tions
 through-
 []


Underfull \vbox (badness 1448) has occurred while \output is active []




Package fancyhdr Warning: \headheight is too small (12.0pt): 
(fancyhdr)                Make it at least 13.59999pt, for example:
(fancyhdr)                \setlength{\headheight}{13.59999pt}.
(fancyhdr)                You might also make \topmargin smaller:
(fancyhdr)                \addtolength{\topmargin}{-1.59999pt}.

[129]
Overfull \hbox (14.12709pt too wide) in paragraph at lines 5109--5118
[]\T1/ppl/m/n/10.95 The in-ves-ti-ga-tion that was qui-etly launched into House
 Maren\TS1/ppl/m/n/10.95 '\T1/ppl/m/n/10.95 s
 []




Package fancyhdr Warning: \headheight is too small (12.0pt): 
(fancyhdr)                Make it at least 13.59999pt, for example:
(fancyhdr)                \setlength{\headheight}{13.59999pt}.
(fancyhdr)                You might also make \topmargin smaller:
(fancyhdr)                \addtolength{\topmargin}{-1.59999pt}.

[130]
Overfull \hbox (4.50198pt too wide) in paragraph at lines 5119--5125
[]\T1/ppl/m/n/10.95 This in-ves-ti-ga-tion was com-pli-cated by the need to avo
id alert-
 []




Package fancyhdr Warning: \headheight is too small (12.0pt): 
(fancyhdr)                Make it at least 13.59999pt, for example:
(fancyhdr)                \setlength{\headheight}{13.59999pt}.
(fancyhdr)                You might also make \topmargin smaller:
(fancyhdr)                \addtolength{\topmargin}{-1.59999pt}.

[131]
Overfull \hbox (6.28712pt too wide) in paragraph at lines 5157--5164
[]\T1/ppl/m/n/10.95 Simultaneously, gen-uine Maren fi-nan-cial sup-port was se-
cretly
 []




Package fancyhdr Warning: \headheight is too small (12.0pt): 
(fancyhdr)                Make it at least 13.59999pt, for example:
(fancyhdr)                \setlength{\headheight}{13.59999pt}.
(fancyhdr)                You might also make \topmargin smaller:
(fancyhdr)                \addtolength{\topmargin}{-1.59999pt}.

[132]
Overfull \hbox (1.30957pt too wide) in paragraph at lines 5214--5224
\T1/ppl/m/n/10.95 in-volved, cre-at-ing re-ver-ber-a-tions through-out the no-b
le class that
 []


Overfull \hbox (0.36855pt too wide) in paragraph at lines 5225--5234
\T1/ppl/m/n/10.95 break-down of tra-di-tional trust re-la-tion-ships served the
 Iron Ban-
 []


Underfull \vbox (badness 1448) has occurred while \output is active []




Package fancyhdr Warning: \headheight is too small (12.0pt): 
(fancyhdr)                Make it at least 13.59999pt, for example:
(fancyhdr)                \setlength{\headheight}{13.59999pt}.
(fancyhdr)                You might also make \topmargin smaller:
(fancyhdr)                \addtolength{\topmargin}{-1.59999pt}.

[133]
Overfull \hbox (6.76312pt too wide) in paragraph at lines 5258--5271
\T1/ppl/m/n/10.95 those events re-shaped the po-lit-i-cal land-scape of the kno
wn world,
 []


Overfull \hbox (2.98576pt too wide) in paragraph at lines 5258--5271
\T1/ppl/m/n/10.95 merce of Con-quest," which con-tends that the fun-da-men-tal 
causes
 []


Overfull \hbox (2.52594pt too wide) in paragraph at lines 5258--5271
\T1/ppl/m/n/10.95 de-manded the cre-ation of uni-fied ad-min-is-tra-tive sys-te
ms re-gard-
 []




Package fancyhdr Warning: \headheight is too small (12.0pt): 
(fancyhdr)                Make it at least 13.59999pt, for example:
(fancyhdr)                \setlength{\headheight}{13.59999pt}.
(fancyhdr)                You might also make \topmargin smaller:
(fancyhdr)                \addtolength{\topmargin}{-1.59999pt}.

[134]
Overfull \hbox (5.82065pt too wide) in paragraph at lines 5284--5294
\T1/ppl/m/n/10.95 lit-i-cal bound-aries that nom-i-nally gov-erned ter-ri-to-ri
al sovereignty.
 []


Overfull \hbox (17.88823pt too wide) in paragraph at lines 5284--5294
\T1/ppl/m/n/10.95 u-fac-tur-ing pro-cesses that re-quired so-phis-ti-cated co-o
r-di-na-tion across
 []


Overfull \hbox (1.76434pt too wide) in paragraph at lines 5306--5316
[]\T1/ppl/m/n/10.95 More fun-da-men-tally, the ex-ist-ing po-lit-i-cal struc-tu
re pro-vided
 []


Overfull \hbox (19.892pt too wide) in paragraph at lines 5306--5316
\T1/ppl/m/n/10.95 in-fras-truc-ture projects. The con-struc-tion of im-proved r
oads, bridges,
 []


Underfull \vbox (badness 1448) has occurred while \output is active []




Package fancyhdr Warning: \headheight is too small (12.0pt): 
(fancyhdr)                Make it at least 13.59999pt, for example:
(fancyhdr)                \setlength{\headheight}{13.59999pt}.
(fancyhdr)                You might also make \topmargin smaller:
(fancyhdr)                \addtolength{\topmargin}{-1.59999pt}.

[135]
Overfull \hbox (12.42442pt too wide) in paragraph at lines 5346--5353
\T1/ppl/m/n/10.95 longest and hard-est against uni-fi-ca-tion were gen-er-ally 
those whose
 []




Package fancyhdr Warning: \headheight is too small (12.0pt): 
(fancyhdr)                Make it at least 13.59999pt, for example:
(fancyhdr)                \setlength{\headheight}{13.59999pt}.
(fancyhdr)                You might also make \topmargin smaller:
(fancyhdr)                \addtolength{\topmargin}{-1.59999pt}.

[136]
Overfull \hbox (3.26993pt too wide) in paragraph at lines 5354--5365
\T1/ppl/m/n/10.95 port-ing the Iron Ban-ner\TS1/ppl/m/n/10.95 '\T1/ppl/m/n/10.9
5 s ex-pan-sion has been rel-a-tively ne-glected
 []


Overfull \hbox (3.29164pt too wide) in paragraph at lines 5377--5384
\T1/ppl/m/n/10.95 con-fed-er-a-tion ex-pe-ri-enced rapid growth in both agri-cu
l-tural pro-
 []




Package fancyhdr Warning: \headheight is too small (12.0pt): 
(fancyhdr)                Make it at least 13.59999pt, for example:
(fancyhdr)                \setlength{\headheight}{13.59999pt}.
(fancyhdr)                You might also make \topmargin smaller:
(fancyhdr)                \addtolength{\topmargin}{-1.59999pt}.

[137]
Overfull \hbox (6.00226pt too wide) in paragraph at lines 5428--5436
[]\T1/ppl/m/n/10.95 This in-ter-pre-ta-tion has pro-found im-pli-ca-tions for u
n-der-stand-
 []




Package fancyhdr Warning: \headheight is too small (12.0pt): 
(fancyhdr)                Make it at least 13.59999pt, for example:
(fancyhdr)                \setlength{\headheight}{13.59999pt}.
(fancyhdr)                You might also make \topmargin smaller:
(fancyhdr)                \addtolength{\topmargin}{-1.59999pt}.

[138]
Overfull \hbox (0.68533pt too wide) in paragraph at lines 5437--5445
\T1/ppl/m/n/10.95 whether they rep-re-sented eco-nom-i-cally vi-able al-ter-na-
tives to the
 []


Overfull \hbox (8.76157pt too wide) in paragraph at lines 5467--5475
[]\T1/ppl/m/n/10.95 Perhaps most sig-nif-i-cantly, Mas-ter Gae-len\TS1/ppl/m/n/
10.95 '\T1/ppl/m/n/10.95 s in-ter-pre-ta-tion sug-
 []


Overfull \hbox (0.92618pt too wide) in paragraph at lines 5476--5484
\T1/ppl/m/n/10.95 cur-rent de-bates about po-lit-i-cal re-form, ter-ri-to-rial 
ad-min-is-tra-tion,
 []




Package fancyhdr Warning: \headheight is too small (12.0pt): 
(fancyhdr)                Make it at least 13.59999pt, for example:
(fancyhdr)                \setlength{\headheight}{13.59999pt}.
(fancyhdr)                You might also make \topmargin smaller:
(fancyhdr)                \addtolength{\topmargin}{-1.59999pt}.

[139]


Package fancyhdr Warning: \headheight is too small (12.0pt): 
(fancyhdr)                Make it at least 13.59999pt, for example:
(fancyhdr)                \setlength{\headheight}{13.59999pt}.
(fancyhdr)                You might also make \topmargin smaller:
(fancyhdr)                \addtolength{\topmargin}{-1.59999pt}.

[140]
Overfull \hbox (5.91946pt too wide) in paragraph at lines 5522--5531
\T1/ppl/m/n/10.95 from tra-di-tional po-lit-i-cal per-spec-tives or from the ec
o-nomic view-
 []


Overfull \hbox (4.5292pt too wide) in paragraph at lines 5532--5540
\T1/ppl/m/n/10.95 tran-si-tion from tra-di-tional forms of po-lit-i-cal or-ga-n
i-za-tion to mod-
 []


Overfull \hbox (24.91814pt too wide) in paragraph at lines 5532--5540
\T1/ppl/m/n/10.95 ern sys-tems of eco-nomic and ad-min-is-tra-tive in-te-gra-ti
on was achieved
 []


Underfull \vbox (badness 10000) has occurred while \output is active []




Package fancyhdr Warning: \headheight is too small (12.0pt): 
(fancyhdr)                Make it at least 13.59999pt, for example:
(fancyhdr)                \setlength{\headheight}{13.59999pt}.
(fancyhdr)                You might also make \topmargin smaller:
(fancyhdr)                \addtolength{\topmargin}{-1.59999pt}.

[141]
Overfull \hbox (21.40327pt too wide) in paragraph at lines 5574--5577
\T1/ppl/m/n/10.95 ex-am-ine ban-ners and in-ves-ti-gate loy-al-ties dur-ing the
 Covenant
 []


Underfull \vbox (badness 4621) has occurred while \output is active []




Package fancyhdr Warning: \headheight is too small (12.0pt): 
(fancyhdr)                Make it at least 13.59999pt, for example:
(fancyhdr)                \setlength{\headheight}{13.59999pt}.
(fancyhdr)                You might also make \topmargin smaller:
(fancyhdr)                \addtolength{\topmargin}{-1.59999pt}.

[142]
Overfull \hbox (5.00073pt too wide) in paragraph at lines 5623--5628
\T1/ppl/m/it/10.95 cale: FE-LOC-B1-002] The Seven Cloth Rite re-quires seven
 []


Overfull \hbox (0.7846pt too wide) in paragraph at lines 5623--5628
\T1/ppl/m/it/10.95 rite within three days of the sev-enth cloth\TS1/ppl/m/it/10
.95 '\T1/ppl/m/it/10.95 s rais-ing is taken
 []




Package fancyhdr Warning: \headheight is too small (12.0pt): 
(fancyhdr)                Make it at least 13.59999pt, for example:
(fancyhdr)                \setlength{\headheight}{13.59999pt}.
(fancyhdr)                You might also make \topmargin smaller:
(fancyhdr)                \addtolength{\topmargin}{-1.59999pt}.

[143]
Overfull \hbox (3.5768pt too wide) in paragraph at lines 5664--5669
\T1/ppl/m/it/10.95 cale: FE-LOC-B1-005] I heard the Seal-Keeper of the North
 []


Overfull \hbox (5.78937pt too wide) in paragraph at lines 5679--5684
\T1/ppl/m/it/10.95 cale: FE-LOC-B1-002] The Bi-en-nial Seven Cloth Rite man-
 []




Package fancyhdr Warning: \headheight is too small (12.0pt): 
(fancyhdr)                Make it at least 13.59999pt, for example:
(fancyhdr)                \setlength{\headheight}{13.59999pt}.
(fancyhdr)                You might also make \topmargin smaller:
(fancyhdr)                \addtolength{\topmargin}{-1.59999pt}.

[144]
Overfull \hbox (4.40912pt too wide) in paragraph at lines 5695--5699
\T1/ppl/m/it/10.95 first fleet was launched from Salt\TS1/ppl/m/it/10.95 '\T1/p
pl/m/it/10.95 s Edge, bear-ing the seven-
 []




Package fancyhdr Warning: \headheight is too small (12.0pt): 
(fancyhdr)                Make it at least 13.59999pt, for example:
(fancyhdr)                \setlength{\headheight}{13.59999pt}.
(fancyhdr)                You might also make \topmargin smaller:
(fancyhdr)                \addtolength{\topmargin}{-1.59999pt}.

[145]
Overfull \hbox (1.19571pt too wide) in paragraph at lines 5749--5756
[]\T1/ppl/m/n/10.95 When the stone mast was fi-nally raised, it stood silent ag
ainst
 []




Package fancyhdr Warning: \headheight is too small (12.0pt): 
(fancyhdr)                Make it at least 13.59999pt, for example:
(fancyhdr)                \setlength{\headheight}{13.59999pt}.
(fancyhdr)                You might also make \topmargin smaller:
(fancyhdr)                \addtolength{\topmargin}{-1.59999pt}.

[146]


Package fancyhdr Warning: \headheight is too small (12.0pt): 
(fancyhdr)                Make it at least 13.59999pt, for example:
(fancyhdr)                \setlength{\headheight}{13.59999pt}.
(fancyhdr)                You might also make \topmargin smaller:
(fancyhdr)                \addtolength{\topmargin}{-1.59999pt}.

[147]
Overfull \hbox (0.59857pt too wide) in paragraph at lines 5823--5828
\T1/ppl/m/it/10.95 Banner-Lord or-dered the con-struc-tion of a new fleet, larg
er
 []




Package fancyhdr Warning: \headheight is too small (12.0pt): 
(fancyhdr)                Make it at least 13.59999pt, for example:
(fancyhdr)                \setlength{\headheight}{13.59999pt}.
(fancyhdr)                You might also make \topmargin smaller:
(fancyhdr)                \addtolength{\topmargin}{-1.59999pt}.

[148]
Overfull \hbox (12.9391pt too wide) in paragraph at lines 5855--5861
\T1/ppl/m/it/10.95 The Seal-Keepers de-clared the chest a forgery, but the Bann
er-
 []


Overfull \hbox (21.50072pt too wide) in paragraph at lines 5880--5880
[]\T1/ppl/b/n/14.4 Arc IV Sup-ple-men-tary: The Weight of Seven
 []




Package fancyhdr Warning: \headheight is too small (12.0pt): 
(fancyhdr)                Make it at least 13.59999pt, for example:
(fancyhdr)                \setlength{\headheight}{13.59999pt}.
(fancyhdr)                You might also make \topmargin smaller:
(fancyhdr)                \addtolength{\topmargin}{-1.59999pt}.

[149]


Package fancyhdr Warning: \headheight is too small (12.0pt): 
(fancyhdr)                Make it at least 13.59999pt, for example:
(fancyhdr)                \setlength{\headheight}{13.59999pt}.
(fancyhdr)                You might also make \topmargin smaller:
(fancyhdr)                \addtolength{\topmargin}{-1.59999pt}.

[150]
Overfull \hbox (12.01912pt too wide) in paragraph at lines 5935--5942
\T1/ppl/m/n/10.95 golden cloth seemed to glow with in-ter-nal fire, wo-ven with
 threads
 []


Overfull \hbox (4.90125pt too wide) in paragraph at lines 5943--5950
\T1/ppl/m/n/10.95 The golden cloth would be Jorik\TS1/ppl/m/n/10.95 '\T1/ppl/m/
n/10.95 s gift to whichever prince proved
 []


Overfull \hbox (13.66132pt too wide) in paragraph at lines 5954--5961
\T1/ppl/m/n/10.95 work-shops floated on stilts above the tide pools, their wall
s painted
 []




Package fancyhdr Warning: \headheight is too small (12.0pt): 
(fancyhdr)                Make it at least 13.59999pt, for example:
(fancyhdr)                \setlength{\headheight}{13.59999pt}.
(fancyhdr)                You might also make \topmargin smaller:
(fancyhdr)                \addtolength{\topmargin}{-1.59999pt}.

[151]


Package fancyhdr Warning: \headheight is too small (12.0pt): 
(fancyhdr)                Make it at least 13.59999pt, for example:
(fancyhdr)                \setlength{\headheight}{13.59999pt}.
(fancyhdr)                You might also make \topmargin smaller:
(fancyhdr)                \addtolength{\topmargin}{-1.59999pt}.

[152]
Overfull \hbox (0.24802pt too wide) in paragraph at lines 6040--6046
\T1/ppl/m/n/10.95 col-or-less, and slept each night on sheets that were re-plac
ed daily.
 []


Overfull \hbox (15.64914pt too wide) in paragraph at lines 6047--6053
[]\T1/ppl/m/n/10.95 His stake in the rit-ual tran-scended pol-i-tics or eco-nom
ics. Valdris
 []




Package fancyhdr Warning: \headheight is too small (12.0pt): 
(fancyhdr)                Make it at least 13.59999pt, for example:
(fancyhdr)                \setlength{\headheight}{13.59999pt}.
(fancyhdr)                You might also make \topmargin smaller:
(fancyhdr)                \addtolength{\topmargin}{-1.59999pt}.

[153]
Overfull \hbox (16.36678pt too wide) in paragraph at lines 6071--6078
\T1/ppl/m/n/10.95 Crown was placed upon the em-peror\TS1/ppl/m/n/10.95 '\T1/ppl
/m/n/10.95 s head. The court as-tronomers
 []




Package fancyhdr Warning: \headheight is too small (12.0pt): 
(fancyhdr)                Make it at least 13.59999pt, for example:
(fancyhdr)                \setlength{\headheight}{13.59999pt}.
(fancyhdr)                You might also make \topmargin smaller:
(fancyhdr)                \addtolength{\topmargin}{-1.59999pt}.

[154]
Overfull \hbox (12.4301pt too wide) in paragraph at lines 6127--6133
[]\T1/ppl/m/n/10.95 The words car-ried deeper im-pli-ca-tions than their sur-fa
ce mean-
 []


Overfull \hbox (12.00792pt too wide) in paragraph at lines 6127--6133
\T1/ppl/m/n/10.95 care-ful in-vest-ments in the very mar-itime trade routes tha
t Kharad\TS1/ppl/m/n/10.95 '\T1/ppl/m/n/10.95 s
 []




Package fancyhdr Warning: \headheight is too small (12.0pt): 
(fancyhdr)                Make it at least 13.59999pt, for example:
(fancyhdr)                \setlength{\headheight}{13.59999pt}.
(fancyhdr)                You might also make \topmargin smaller:
(fancyhdr)                \addtolength{\topmargin}{-1.59999pt}.

[155]
Overfull \hbox (9.38054pt too wide) in paragraph at lines 6134--6142
\T1/ppl/m/n/10.95 pres-sure mounted on both un-de-cided Seal-Keepers. Yevana fo
und
 []


Overfull \hbox (0.68619pt too wide) in paragraph at lines 6134--6142
\T1/ppl/m/n/10.95 mil-i-tary com-mands for her sons, guar-an-teed pro-tec-tion 
for west-
 []


Overfull \hbox (8.15396pt too wide) in paragraph at lines 6158--6166
\T1/ppl/m/n/10.95 shrines, had un-der-gone the rit-ual pu-rifi-ca-tions, had de
mon-strated
 []


Overfull \hbox (3.41223pt too wide) in paragraph at lines 6169--6174
\T1/ppl/m/n/10.95 an-cient Cham-ber of Voices be-neath the im-pe-rial palace. A
ll seven
 []




Package fancyhdr Warning: \headheight is too small (12.0pt): 
(fancyhdr)                Make it at least 13.59999pt, for example:
(fancyhdr)                \setlength{\headheight}{13.59999pt}.
(fancyhdr)                You might also make \topmargin smaller:
(fancyhdr)                \addtolength{\topmargin}{-1.59999pt}.

[156]
Overfull \hbox (7.07532pt too wide) in paragraph at lines 6175--6180
[]\T1/ppl/m/n/10.95 The night be-fore the vote, some-thing un-prece-dented oc-c
urred.
 []


Overfull \hbox (2.74461pt too wide) in paragraph at lines 6175--6180
\T1/ppl/m/n/10.95 Yevana of the West re-quested a pri-vate au-di-ence with High
 Priest
 []


Overfull \hbox (3.05692pt too wide) in paragraph at lines 6192--6194
[]\T1/ppl/m/n/10.95 What passed be-tween them in that pri-vate meet-ing was nev
er
 []


Overfull \hbox (5.49933pt too wide) in paragraph at lines 6211--6215
[]\T1/ppl/m/n/10.95 The cham-ber held its breath as Yevana of the West ap-proac
hed
 []




Package fancyhdr Warning: \headheight is too small (12.0pt): 
(fancyhdr)                Make it at least 13.59999pt, for example:
(fancyhdr)                \setlength{\headheight}{13.59999pt}.
(fancyhdr)                You might also make \topmargin smaller:
(fancyhdr)                \addtolength{\topmargin}{-1.59999pt}.

[157]
Overfull \hbox (2.09341pt too wide) in paragraph at lines 6216--6221
[]\T1/ppl/m/n/10.95 >"I have con-sulted with wind and wave," Yevana an-nounced,

 []


Underfull \vbox (badness 2142) has occurred while \output is active []




Package fancyhdr Warning: \headheight is too small (12.0pt): 
(fancyhdr)                Make it at least 13.59999pt, for example:
(fancyhdr)                \setlength{\headheight}{13.59999pt}.
(fancyhdr)                You might also make \topmargin smaller:
(fancyhdr)                \addtolength{\topmargin}{-1.59999pt}.

[158]


Package fancyhdr Warning: \headheight is too small (12.0pt): 
(fancyhdr)                Make it at least 13.59999pt, for example:
(fancyhdr)                \setlength{\headheight}{13.59999pt}.
(fancyhdr)                You might also make \topmargin smaller:
(fancyhdr)                \addtolength{\topmargin}{-1.59999pt}.

[159]
Overfull \hbox (2.09836pt too wide) in paragraph at lines 6316--6325
\T1/ppl/m/n/10.95 The three cen-tral val-leys faced the im-me-di-ate prospect o
f famine.
 []


Overfull \hbox (3.73622pt too wide) in paragraph at lines 6326--6333
[]\T1/ppl/m/n/10.95 Local gra-naries held per-haps six weeks\TS1/ppl/m/n/10.95 
' \T1/ppl/m/n/10.95 sup-ply of ba-sic foods.
 []




Package fancyhdr Warning: \headheight is too small (12.0pt): 
(fancyhdr)                Make it at least 13.59999pt, for example:
(fancyhdr)                \setlength{\headheight}{13.59999pt}.
(fancyhdr)                You might also make \topmargin smaller:
(fancyhdr)                \addtolength{\topmargin}{-1.59999pt}.

[160]
Overfull \hbox (3.0077pt too wide) in paragraph at lines 6341--6347
\T1/ppl/m/n/10.95 own storm dam-age and could pro-vide lit-tle as-sis-tance. Th
e West-
 []


Overfull \hbox (10.37154pt too wide) in paragraph at lines 6371--6378
[]\T1/ppl/m/n/10.95 The sec-ond mea-sure in-volved mas-sive pop-u-la-tion move-
ments.
 []




Package fancyhdr Warning: \headheight is too small (12.0pt): 
(fancyhdr)                Make it at least 13.59999pt, for example:
(fancyhdr)                \setlength{\headheight}{13.59999pt}.
(fancyhdr)                You might also make \topmargin smaller:
(fancyhdr)                \addtolength{\topmargin}{-1.59999pt}.

[161]
Overfull \hbox (7.38712pt too wide) in paragraph at lines 6396--6401
\T1/ppl/m/n/10.95 over-specialization and trade de-pen-dency. Im-pe-rial pol-ic
y shifted
 []




Package fancyhdr Warning: \headheight is too small (12.0pt): 
(fancyhdr)                Make it at least 13.59999pt, for example:
(fancyhdr)                \setlength{\headheight}{13.59999pt}.
(fancyhdr)                You might also make \topmargin smaller:
(fancyhdr)                \addtolength{\topmargin}{-1.59999pt}.

[162]
Overfull \hbox (6.0077pt too wide) in paragraph at lines 6422--6428
\T1/ppl/m/n/10.95 deep blue dye es-sen-tial to im-pe-rial cer-e-mony and no-ble
 fashion---
 []


Overfull \hbox (3.6424pt too wide) in paragraph at lines 6439--6445
\T1/ppl/m/n/10.95 pet-ing with smaller pro-duc-ers and main-tain-ing rea-son-ab
le prices
 []


Overfull \hbox (7.48068pt too wide) in paragraph at lines 6446--6453
[]\T1/ppl/m/n/10.95 This changed in the spring of FA 537, when Yevana an-nounce
d
 []


Overfull \hbox (7.72627pt too wide) in paragraph at lines 6446--6453
\T1/ppl/m/n/10.95 ited to quan-ti-ties that would not com-pro-mise the long-ter
m health
 []


Overfull \hbox (0.90042pt too wide) in paragraph at lines 6454--6459
[]\T1/ppl/m/n/10.95 >"We have learned from the re-cent cri-sis," Yevana an-noun
ced
 []




Package fancyhdr Warning: \headheight is too small (12.0pt): 
(fancyhdr)                Make it at least 13.59999pt, for example:
(fancyhdr)                \setlength{\headheight}{13.59999pt}.
(fancyhdr)                You might also make \topmargin smaller:
(fancyhdr)                \addtolength{\topmargin}{-1.59999pt}.

[163]
Overfull \hbox (0.34149pt too wide) in paragraph at lines 6477--6484
[]\T1/ppl/m/n/10.95 The mer-chant houses that had grown wealthy im-port-ing lux
-
 []


Overfull \hbox (0.4016pt too wide) in paragraph at lines 6477--6484
\T1/ppl/m/n/10.95 ury goods found their profit mar-gins de-stroyed when they co
uld
 []


Overfull \hbox (7.45296pt too wide) in paragraph at lines 6485--6493
\T1/ppl/m/n/10.95 had op-posed her in-ter-ests dur-ing the suc-ces-sion cri-sis
 faced prices
 []


Underfull \vbox (badness 1286) has occurred while \output is active []




Package fancyhdr Warning: \headheight is too small (12.0pt): 
(fancyhdr)                Make it at least 13.59999pt, for example:
(fancyhdr)                \setlength{\headheight}{13.59999pt}.
(fancyhdr)                You might also make \topmargin smaller:
(fancyhdr)                \addtolength{\topmargin}{-1.59999pt}.

[164]
Overfull \hbox (8.54768pt too wide) in paragraph at lines 6503--6509
\T1/ppl/m/n/10.95 del-e-ga-tion to the West, hop-ing to ne-go-ti-ate bulk pur-c
has-ing agree-
 []


Overfull \hbox (4.41977pt too wide) in paragraph at lines 6522--6525
\T1/ppl/m/n/10.95 works that dis-tribute West-ern goods through-out the em-pire
 cease
 []


Underfull \vbox (badness 4832) has occurred while \output is active []




Package fancyhdr Warning: \headheight is too small (12.0pt): 
(fancyhdr)                Make it at least 13.59999pt, for example:
(fancyhdr)                \setlength{\headheight}{13.59999pt}.
(fancyhdr)                You might also make \topmargin smaller:
(fancyhdr)                \addtolength{\topmargin}{-1.59999pt}.

[165]
Overfull \hbox (0.20406pt too wide) in paragraph at lines 6557--6564
\T1/ppl/m/n/10.95 West sig-nif-i-cant in-flu-ence over North-ern in-ter-nal af-
fairs. Mevrin
 []


Overfull \hbox (4.93465pt too wide) in paragraph at lines 6557--6564
\T1/ppl/m/n/10.95 re-jected the pro-posal im-me-di-ately, but his re-fusal came
 at a cost---
 []


Overfull \hbox (4.35364pt too wide) in paragraph at lines 6573--6579
\T1/ppl/m/n/10.95 au-thor-ity to in-ves-ti-gate trade mo-nop-o-lies, in-ter-vie
w af-fected par-
 []




Package fancyhdr Warning: \headheight is too small (12.0pt): 
(fancyhdr)                Make it at least 13.59999pt, for example:
(fancyhdr)                \setlength{\headheight}{13.59999pt}.
(fancyhdr)                You might also make \topmargin smaller:
(fancyhdr)                \addtolength{\topmargin}{-1.59999pt}.

[166]
Overfull \hbox (4.29428pt too wide) in paragraph at lines 6596--6603
[]\T1/ppl/m/n/10.95 Under the Com-pact, the West re-tained sig-nif-i-cant con-t
rol over
 []


Overfull \hbox (2.53082pt too wide) in paragraph at lines 6604--6611
[]\T1/ppl/m/n/10.95 More sig-nif-i-cantly, the Com-pact es-tab-lished the prin-
ci-ple that
 []


Overfull \hbox (14.13231pt too wide) in paragraph at lines 6604--6611
\T1/ppl/m/n/10.95 quire-ments that pro-tected both pro-duc-ers\TS1/ppl/m/n/10.9
5 ' \T1/ppl/m/n/10.95 in-ter-ests and con-sumers\TS1/ppl/m/n/10.95 '
 []




Package fancyhdr Warning: \headheight is too small (12.0pt): 
(fancyhdr)                Make it at least 13.59999pt, for example:
(fancyhdr)                \setlength{\headheight}{13.59999pt}.
(fancyhdr)                You might also make \topmargin smaller:
(fancyhdr)                \addtolength{\topmargin}{-1.59999pt}.

[167]


Package fancyhdr Warning: \headheight is too small (12.0pt): 
(fancyhdr)                Make it at least 13.59999pt, for example:
(fancyhdr)                \setlength{\headheight}{13.59999pt}.
(fancyhdr)                You might also make \topmargin smaller:
(fancyhdr)                \addtolength{\topmargin}{-1.59999pt}.

[168]
Overfull \hbox (0.70778pt too wide) in paragraph at lines 6658--6664
\T1/ppl/m/n/10.95 un-der un-prece-dented se-cu-rity, each trav-el-ing in its ow
n guarded
 []


Overfull \hbox (6.65408pt too wide) in paragraph at lines 6683--6689
\T1/ppl/m/n/10.95 The cer-e-mony tra-di-tion-ally drew per-haps a thou-sand wit
nesses---
 []


Overfull \hbox (1.10756pt too wide) in paragraph at lines 6690--6696
[]\T1/ppl/m/n/10.95 The an-cient am-phithe-ater be-neath the im-pe-rial palace,
 where
 []




Package fancyhdr Warning: \headheight is too small (12.0pt): 
(fancyhdr)                Make it at least 13.59999pt, for example:
(fancyhdr)                \setlength{\headheight}{13.59999pt}.
(fancyhdr)                You might also make \topmargin smaller:
(fancyhdr)                \addtolength{\topmargin}{-1.59999pt}.

[169]


Package fancyhdr Warning: \headheight is too small (12.0pt): 
(fancyhdr)                Make it at least 13.59999pt, for example:
(fancyhdr)                \setlength{\headheight}{13.59999pt}.
(fancyhdr)                You might also make \topmargin smaller:
(fancyhdr)                \addtolength{\topmargin}{-1.59999pt}.

[170]
Overfull \hbox (6.97754pt too wide) in paragraph at lines 6737--6744
[]\T1/ppl/m/n/10.95 Maeva\TS1/ppl/m/n/10.95 '\T1/ppl/m/n/10.95 s crim-son cloth
 formed the base layer, wrapped around
 []




Package fancyhdr Warning: \headheight is too small (12.0pt): 
(fancyhdr)                Make it at least 13.59999pt, for example:
(fancyhdr)                \setlength{\headheight}{13.59999pt}.
(fancyhdr)                You might also make \topmargin smaller:
(fancyhdr)                \addtolength{\topmargin}{-1.59999pt}.

[171]
Overfull \hbox (6.46765pt too wide) in paragraph at lines 6793--6797
\T1/ppl/m/n/10.95 The cli-max of the cer-e-mony came when High Priest Thorec pl
aced
 []


Overfull \hbox (1.85324pt too wide) in paragraph at lines 6798--6804
[]\T1/ppl/m/n/10.95 >"By the Seven Winds and Seven Wa-ters, by the Seven Moun-
 []




Package fancyhdr Warning: \headheight is too small (12.0pt): 
(fancyhdr)                Make it at least 13.59999pt, for example:
(fancyhdr)                \setlength{\headheight}{13.59999pt}.
(fancyhdr)                You might also make \topmargin smaller:
(fancyhdr)                \addtolength{\topmargin}{-1.59999pt}.

[172]
Overfull \hbox (1.05377pt too wide) in paragraph at lines 6821--6827
[]\T1/ppl/m/n/10.95 The Crown of Seven Cloths would be worn only once more---
 []


Overfull \hbox (0.3244pt too wide) in paragraph at lines 6828--6834
\T1/ppl/m/n/10.95 tional ges-ture of ac-knowl-edg-ment to his peo-ple, ob-serve
rs noted
 []




Package fancyhdr Warning: \headheight is too small (12.0pt): 
(fancyhdr)                Make it at least 13.59999pt, for example:
(fancyhdr)                \setlength{\headheight}{13.59999pt}.
(fancyhdr)                You might also make \topmargin smaller:
(fancyhdr)                \addtolength{\topmargin}{-1.59999pt}.

[173]
Overfull \hbox (8.05534pt too wide) in paragraph at lines 6882--6890
\T1/ppl/m/n/10.95 Reaches con-tra-dict each other on sev-eral key points. Some 
sources
 []




Package fancyhdr Warning: \headheight is too small (12.0pt): 
(fancyhdr)                Make it at least 13.59999pt, for example:
(fancyhdr)                \setlength{\headheight}{13.59999pt}.
(fancyhdr)                You might also make \topmargin smaller:
(fancyhdr)                \addtolength{\topmargin}{-1.59999pt}.

[174]
Overfull \hbox (4.17339pt too wide) in paragraph at lines 6902--6906
[]\T1/ppl/m/n/10.95 I have in-cluded el-e-ments from all three ac-counts, un-de
r-stand-
 []


Overfull \hbox (2.67824pt too wide) in paragraph at lines 6934--6940
\T1/ppl/m/n/10.95 po-lit-i-cal de-vel-op-ment through-out the re-main-der of th
e First Age. 
 []




Package fancyhdr Warning: \headheight is too small (12.0pt): 
(fancyhdr)                Make it at least 13.59999pt, for example:
(fancyhdr)                \setlength{\headheight}{13.59999pt}.
(fancyhdr)                You might also make \topmargin smaller:
(fancyhdr)                \addtolength{\topmargin}{-1.59999pt}.

[175]
Overfull \hbox (8.099pt too wide) in paragraph at lines 6966--6971
\T1/ppl/m/n/10.95 Of all the episodes chron-i-cled in these pages, the in-digo 
monopoly
 []




Package fancyhdr Warning: \headheight is too small (12.0pt): 
(fancyhdr)                Make it at least 13.59999pt, for example:
(fancyhdr)                \setlength{\headheight}{13.59999pt}.
(fancyhdr)                You might also make \topmargin smaller:
(fancyhdr)                \addtolength{\topmargin}{-1.59999pt}.

[176]
Overfull \hbox (8.4227pt too wide) in paragraph at lines 6980--6985
[]\T1/ppl/m/n/10.95 The mer-chant houses\TS1/ppl/m/n/10.95 ' \T1/ppl/m/n/10.95 
re-sponses are equally well-documented,
 []


Overfull \hbox (2.85403pt too wide) in paragraph at lines 7017--7025
\T1/ppl/m/n/10.95 that he used for his most sen-si-tive per-sonal doc-u-ments, 
de-scribes
 []




Package fancyhdr Warning: \headheight is too small (12.0pt): 
(fancyhdr)                Make it at least 13.59999pt, for example:
(fancyhdr)                \setlength{\headheight}{13.59999pt}.
(fancyhdr)                You might also make \topmargin smaller:
(fancyhdr)                \addtolength{\topmargin}{-1.59999pt}.

[177]
Overfull \hbox (11.28046pt too wide) in paragraph at lines 7034--7039
[]\T1/ppl/m/n/10.95 We know from in-ven-tory records that Miriam the Pur-plewri
ght
 []


Overfull \hbox (37.25818pt too wide) in paragraph at lines 7047--7055
\T1/ppl/m/n/10.95 tion-ships that made par-tic-u-lar trade dis-rup-tions po-lit
-i-cally dangerous---
 []


Overfull \hbox (7.82527pt too wide) in paragraph at lines 7058--7064
\T1/ppl/m/n/10.95 First Age archives be-gins. The scrolls and codices will be w
rapped
 []




Package fancyhdr Warning: \headheight is too small (12.0pt): 
(fancyhdr)                Make it at least 13.59999pt, for example:
(fancyhdr)                \setlength{\headheight}{13.59999pt}.
(fancyhdr)                You might also make \topmargin smaller:
(fancyhdr)                \addtolength{\topmargin}{-1.59999pt}.

[178]


Package fancyhdr Warning: \headheight is too small (12.0pt): 
(fancyhdr)                Make it at least 13.59999pt, for example:
(fancyhdr)                \setlength{\headheight}{13.59999pt}.
(fancyhdr)                You might also make \topmargin smaller:
(fancyhdr)                \addtolength{\topmargin}{-1.59999pt}.

[179]
Overfull \hbox (1.8417pt too wide) in paragraph at lines 7116--7122
[]\T1/ppl/m/n/10.95 The Crown of Seven Cloths was the cul-mi-na-tion of that tr
ans-
 []


Underfull \vbox (badness 10000) has occurred while \output is active []




Package fancyhdr Warning: \headheight is too small (12.0pt): 
(fancyhdr)                Make it at least 13.59999pt, for example:
(fancyhdr)                \setlength{\headheight}{13.59999pt}.
(fancyhdr)                You might also make \topmargin smaller:
(fancyhdr)                \addtolength{\topmargin}{-1.59999pt}.

[180]


Package fancyhdr Warning: \headheight is too small (12.0pt): 
(fancyhdr)                Make it at least 13.59999pt, for example:
(fancyhdr)                \setlength{\headheight}{13.59999pt}.
(fancyhdr)                You might also make \topmargin smaller:
(fancyhdr)                \addtolength{\topmargin}{-1.59999pt}.

[181]


Package fancyhdr Warning: \headheight is too small (12.0pt): 
(fancyhdr)                Make it at least 13.59999pt, for example:
(fancyhdr)                \setlength{\headheight}{13.59999pt}.
(fancyhdr)                You might also make \topmargin smaller:
(fancyhdr)                \addtolength{\topmargin}{-1.59999pt}.

[182]
Overfull \hbox (4.94598pt too wide) in paragraph at lines 7223--7230
\T1/ppl/m/it/10.95 When they protested, the harbor-master pointed to the ships
 []


Overfull \hbox (4.97868pt too wide) in paragraph at lines 7232--7239
\T1/ppl/m/n/10.95 cry of gulls. It car-ried whis-pers of new ways of reck-on-in
g value---
 []




Package fancyhdr Warning: \headheight is too small (12.0pt): 
(fancyhdr)                Make it at least 13.59999pt, for example:
(fancyhdr)                \setlength{\headheight}{13.59999pt}.
(fancyhdr)                You might also make \topmargin smaller:
(fancyhdr)                \addtolength{\topmargin}{-1.59999pt}.

[183]
Overfull \hbox (2.8654pt too wide) in paragraph at lines 7290--7297
\T1/ppl/m/it/10.95 how to cal-cu-late cargo weight by wa-ter dis-place-ment rat
her
 []




Package fancyhdr Warning: \headheight is too small (12.0pt): 
(fancyhdr)                Make it at least 13.59999pt, for example:
(fancyhdr)                \setlength{\headheight}{13.59999pt}.
(fancyhdr)                You might also make \topmargin smaller:
(fancyhdr)                \addtolength{\topmargin}{-1.59999pt}.

[184]
Overfull \hbox (2.75539pt too wide) in paragraph at lines 7310--7316
\T1/ppl/m/n/10.95 Life in the emerg-ing mar-itime polity fol-lowed rhythms un-k
nown
 []


Overfull \hbox (2.01733pt too wide) in paragraph at lines 7317--7324
[]\T1/ppl/m/n/10.95 Children who had once learned the names of moun-tain peaks
 []




Package fancyhdr Warning: \headheight is too small (12.0pt): 
(fancyhdr)                Make it at least 13.59999pt, for example:
(fancyhdr)                \setlength{\headheight}{13.59999pt}.
(fancyhdr)                You might also make \topmargin smaller:
(fancyhdr)                \addtolength{\topmargin}{-1.59999pt}.

[185]
Overfull \hbox (5.49307pt too wide) in paragraph at lines 7352--7359
\T1/ppl/m/n/10.95 en-tirely dif-fer-ent from that recorded in the val-ley archi
ves. Where
 []


Overfull \hbox (0.67004pt too wide) in paragraph at lines 7370--7376
[]\T1/ppl/m/n/10.95 This procla-ma-tion, mod-est in its lan-guage, rep-re-sente
d a rev-
 []


Overfull \hbox (4.41959pt too wide) in paragraph at lines 7380--7388
\T1/ppl/m/n/10.95 In the spring of SA 3, a del-e-ga-tion from the moun-tain str
ongholds
 []




Package fancyhdr Warning: \headheight is too small (12.0pt): 
(fancyhdr)                Make it at least 13.59999pt, for example:
(fancyhdr)                \setlength{\headheight}{13.59999pt}.
(fancyhdr)                You might also make \topmargin smaller:
(fancyhdr)                \addtolength{\topmargin}{-1.59999pt}.

[186]
Overfull \hbox (6.78606pt too wide) in paragraph at lines 7397--7404
[]\T1/ppl/m/it/10.95 [Canon: FE-SA-B2-WIT-002 | Year: SA 3] Lord Garan
 []


Overfull \hbox (4.35442pt too wide) in paragraph at lines 7418--7424
\T1/ppl/m/n/10.95 dance, that be-neath the bracken and the aban-doned ter-races
 there
 []




Package fancyhdr Warning: \headheight is too small (12.0pt): 
(fancyhdr)                Make it at least 13.59999pt, for example:
(fancyhdr)                \setlength{\headheight}{13.59999pt}.
(fancyhdr)                You might also make \topmargin smaller:
(fancyhdr)                \addtolength{\topmargin}{-1.59999pt}.

[187]
Overfull \hbox (18.63885pt too wide) in paragraph at lines 7432--7440
[]\T1/ppl/m/n/10.95 Perhaps this is how all great trans-for-ma-tions occur---no
t through
 []




Package fancyhdr Warning: \headheight is too small (12.0pt): 
(fancyhdr)                Make it at least 13.59999pt, for example:
(fancyhdr)                \setlength{\headheight}{13.59999pt}.
(fancyhdr)                You might also make \topmargin smaller:
(fancyhdr)                \addtolength{\topmargin}{-1.59999pt}.

[188]


Package fancyhdr Warning: \headheight is too small (12.0pt): 
(fancyhdr)                Make it at least 13.59999pt, for example:
(fancyhdr)                \setlength{\headheight}{13.59999pt}.
(fancyhdr)                You might also make \topmargin smaller:
(fancyhdr)                \addtolength{\topmargin}{-1.59999pt}.

[189]
Overfull \hbox (3.74104pt too wide) in paragraph at lines 7506--7513
\T1/ppl/m/n/10.95 re-solve the com-plex com-mer-cial dis-putes that arose when 
traders
 []


Overfull \hbox (0.43437pt too wide) in paragraph at lines 7533--7541
\T1/ppl/m/n/10.95 to-ward what could be phys-i-cally demon-strated rather than 
what
 []


Overfull \hbox (8.33969pt too wide) in paragraph at lines 7533--7541
\T1/ppl/m/n/10.95 could be his-tor-i-cally doc-u-mented, rec-og-niz-ing that ma
r-itime com-
 []




Package fancyhdr Warning: \headheight is too small (12.0pt): 
(fancyhdr)                Make it at least 13.59999pt, for example:
(fancyhdr)                \setlength{\headheight}{13.59999pt}.
(fancyhdr)                You might also make \topmargin smaller:
(fancyhdr)                \addtolength{\topmargin}{-1.59999pt}.

[190]
Overfull \hbox (3.8503pt too wide) in paragraph at lines 7545--7551
\T1/ppl/m/n/10.95 over-saw the con-struc-tion of break-wa-ters that would pro-t
ect ship-
 []


Overfull \hbox (0.77397pt too wide) in paragraph at lines 7552--7560
\T1/ppl/m/n/10.95 men re-cruited from through-out the known world. Stone-masons

 []


Overfull \hbox (5.64601pt too wide) in paragraph at lines 7552--7560
\T1/ppl/m/n/10.95 ter con-struc-tion; ship-wrights from the south-ern archipela
-gos con-
 []


Overfull \hbox (1.72716pt too wide) in paragraph at lines 7562--7568
[]\T1/ppl/m/it/10.95 [Canon: FE-SA-B2-ANN-008 | Year: SA 7] The great
 []


Overfull \hbox (14.26408pt too wide) in paragraph at lines 7570--7576
\T1/ppl/m/n/10.95 bor com-mu-nity that com-mu-ni-cated as eas-ily in ges-ture a
nd demon-
 []




Package fancyhdr Warning: \headheight is too small (12.0pt): 
(fancyhdr)                Make it at least 13.59999pt, for example:
(fancyhdr)                \setlength{\headheight}{13.59999pt}.
(fancyhdr)                You might also make \topmargin smaller:
(fancyhdr)                \addtolength{\topmargin}{-1.59999pt}.

[191]


Package fancyhdr Warning: \headheight is too small (12.0pt): 
(fancyhdr)                Make it at least 13.59999pt, for example:
(fancyhdr)                \setlength{\headheight}{13.59999pt}.
(fancyhdr)                You might also make \topmargin smaller:
(fancyhdr)                \addtolength{\topmargin}{-1.59999pt}.

[192]
Overfull \hbox (1.24454pt too wide) in paragraph at lines 7624--7630
\T1/ppl/m/n/10.95 flex-i-bil-ity nec-es-sary to with-stand storm-damage and tid
al forces. 
 []


Overfull \hbox (16.49777pt too wide) in paragraph at lines 7658--7665
\T1/ppl/m/n/10.95 name would be-come syn-ony-mous with Ad-mi-ral au-thor-ity th
rough-
 []




Package fancyhdr Warning: \headheight is too small (12.0pt): 
(fancyhdr)                Make it at least 13.59999pt, for example:
(fancyhdr)                \setlength{\headheight}{13.59999pt}.
(fancyhdr)                You might also make \topmargin smaller:
(fancyhdr)                \addtolength{\topmargin}{-1.59999pt}.

[193]
Overfull \hbox (3.32545pt too wide) in paragraph at lines 7667--7673
[]\T1/ppl/m/it/10.95 [Canon: FE-SA-B2-WIT-008 | Year: SA 10] I watched
 []


Overfull \hbox (2.85469pt too wide) in paragraph at lines 7667--7673
\T1/ppl/m/it/10.95 the \T1/ppl/b/it/10.95 Sil-ver Wave \T1/ppl/m/it/10.95 take 
shape in the ship-yard, her hull longer
 []


Overfull \hbox (14.34036pt too wide) in paragraph at lines 7692--7698
\T1/ppl/m/n/10.95 cluded trad-ing re-la-tion-ships with king-doms through-out t
he known
 []


Overfull \hbox (1.3111pt too wide) in paragraph at lines 7700--7707
[]\T1/ppl/m/it/10.95 [Canon: FE-SA-B2-EDI-003 | Year: SA 10] The Mer-
 []


Overfull \hbox (1.50761pt too wide) in paragraph at lines 7700--7707
\T1/ppl/m/it/10.95 traded goods, uni-form pro-ce-dures for cargo in-spec-tion, 
and
 []




Package fancyhdr Warning: \headheight is too small (12.0pt): 
(fancyhdr)                Make it at least 13.59999pt, for example:
(fancyhdr)                \setlength{\headheight}{13.59999pt}.
(fancyhdr)                You might also make \topmargin smaller:
(fancyhdr)                \addtolength{\topmargin}{-1.59999pt}.

[194]
Overfull \hbox (6.77461pt too wide) in paragraph at lines 7733--7739
\T1/ppl/m/it/10.95 nets while for-eign mer-chants dis-played goods that had nev
er
 []




Package fancyhdr Warning: \headheight is too small (12.0pt): 
(fancyhdr)                Make it at least 13.59999pt, for example:
(fancyhdr)                \setlength{\headheight}{13.59999pt}.
(fancyhdr)                You might also make \topmargin smaller:
(fancyhdr)                \addtolength{\topmargin}{-1.59999pt}.

[195]


Package fancyhdr Warning: \headheight is too small (12.0pt): 
(fancyhdr)                Make it at least 13.59999pt, for example:
(fancyhdr)                \setlength{\headheight}{13.59999pt}.
(fancyhdr)                You might also make \topmargin smaller:
(fancyhdr)                \addtolength{\topmargin}{-1.59999pt}.

[196]
Overfull \hbox (4.94553pt too wide) in paragraph at lines 7801--7804
[]\T1/ppl/m/it/10.95 Fifth: These reg-u-la-tions su-per-sede all pre-vi-ous ar-
range-
 []




Package fancyhdr Warning: \headheight is too small (12.0pt): 
(fancyhdr)                Make it at least 13.59999pt, for example:
(fancyhdr)                \setlength{\headheight}{13.59999pt}.
(fancyhdr)                You might also make \topmargin smaller:
(fancyhdr)                \addtolength{\topmargin}{-1.59999pt}.

[197]
Overfull \hbox (5.04364pt too wide) in paragraph at lines 7832--7838
\T1/ppl/m/n/10.95 than on his fam-ily\TS1/ppl/m/n/10.95 '\T1/ppl/m/n/10.95 s hi
s-tor-i-cal re-la-tion-ships with par-tic-u-lar judges
 []


Overfull \hbox (4.85793pt too wide) in paragraph at lines 7857--7865
\T1/ppl/m/n/10.95 Ad-mi-ral\TS1/ppl/m/n/10.95 '\T1/ppl/m/n/10.95 s fish-ing fle
ets. How-ever, their tra-di-tional re-source man-
 []




Package fancyhdr Warning: \headheight is too small (12.0pt): 
(fancyhdr)                Make it at least 13.59999pt, for example:
(fancyhdr)                \setlength{\headheight}{13.59999pt}.
(fancyhdr)                You might also make \topmargin smaller:
(fancyhdr)                \addtolength{\topmargin}{-1.59999pt}.

[198]
Overfull \hbox (5.88203pt too wide) in paragraph at lines 7876--7882
[]\T1/ppl/m/n/10.95 The con-flict be-tween Shore-Walker con-ser-va-tion prac-ti
ces and
 []




Package fancyhdr Warning: \headheight is too small (12.0pt): 
(fancyhdr)                Make it at least 13.59999pt, for example:
(fancyhdr)                \setlength{\headheight}{13.59999pt}.
(fancyhdr)                You might also make \topmargin smaller:
(fancyhdr)                \addtolength{\topmargin}{-1.59999pt}.

[199]
Overfull \hbox (3.80675pt too wide) in paragraph at lines 7929--7936
\T1/ppl/m/it/10.95 exchange-master Ko-rin Sil-ver-bal-ance re-ported that the h
ar-
 []


Overfull \hbox (5.2848pt too wide) in paragraph at lines 7929--7936
\T1/ppl/m/it/10.95 cil or-dered the es-tab-lish-ment of stan-dard-ized ex-chang
e rates
 []


Overfull \hbox (4.86882pt too wide) in paragraph at lines 7938--7944
\T1/ppl/m/n/10.95 the fun-da-men-tal trans-for-ma-tion that would char-ac-ter-i
ze the mid-
 []


Overfull \hbox (16.9358pt too wide) in paragraph at lines 7948--7955
\T1/ppl/m/n/10.95 king-doms cre-ated com-mer-cial op-por-tu-ni-ties on a scale 
that dwarfed
 []


Overfull \hbox (7.36505pt too wide) in paragraph at lines 7948--7955
\T1/ppl/m/n/10.95 any-thing pre-vi-ously ex-pe-ri-enced in the re-gion. Merchan
t-Captain
 []




Package fancyhdr Warning: \headheight is too small (12.0pt): 
(fancyhdr)                Make it at least 13.59999pt, for example:
(fancyhdr)                \setlength{\headheight}{13.59999pt}.
(fancyhdr)                You might also make \topmargin smaller:
(fancyhdr)                \addtolength{\topmargin}{-1.59999pt}.

[200]
Overfull \hbox (18.84647pt too wide) in paragraph at lines 7956--7962
[]\T1/ppl/m/n/10.95 The trans-for-ma-tion be-gan grad-u-ally but ac-cel-er-ated
 with breath-
 []


Overfull \hbox (0.20439pt too wide) in paragraph at lines 7964--7971
\T1/ppl/m/it/10.95 Trea-sury of the Ad-mi-ral\TS1/ppl/m/it/10.95 '\T1/ppl/m/it/
10.95 s Coun-cil re-ported un-prece-dented
 []




Package fancyhdr Warning: \headheight is too small (12.0pt): 
(fancyhdr)                Make it at least 13.59999pt, for example:
(fancyhdr)                \setlength{\headheight}{13.59999pt}.
(fancyhdr)                You might also make \topmargin smaller:
(fancyhdr)                \addtolength{\topmargin}{-1.59999pt}.

[201]
Overfull \hbox (2.89723pt too wide) in paragraph at lines 8000--8006
\T1/ppl/m/n/10.95 con-trasts with the con-tin-u-ing poverty of in-land agri-cul
-tural com-
 []


Overfull \hbox (0.28067pt too wide) in paragraph at lines 8000--8006
\T1/ppl/m/n/10.95 com-par-i-son with ex-otic im-ports, while their chil-dren ab
an-doned
 []


Overfull \hbox (1.55048pt too wide) in paragraph at lines 8007--8019
\T1/ppl/m/n/10.95 tested the adap-tive ca-pac-ity of tra-di-tional com-mu-nity 
struc-tures.
 []


Overfull \hbox (2.77757pt too wide) in paragraph at lines 8023--8031
\T1/ppl/m/n/10.95 The com-mer-cial ex-pan-sion trans-formed not only the grand 
struc-
 []


Overfull \hbox (0.92722pt too wide) in paragraph at lines 8023--8031
\T1/ppl/m/n/10.95 ern grains, pro-cessed ac-cord-ing to cold-climate meth-ods, 
proved
 []




Package fancyhdr Warning: \headheight is too small (12.0pt): 
(fancyhdr)                Make it at least 13.59999pt, for example:
(fancyhdr)                \setlength{\headheight}{13.59999pt}.
(fancyhdr)                You might also make \topmargin smaller:
(fancyhdr)                \addtolength{\topmargin}{-1.59999pt}.

[202]
Overfull \hbox (0.24277pt too wide) in paragraph at lines 8032--8039
[]\T1/ppl/m/n/10.95 Harbor house-holds that had once been en-tirely self-suffic
ient
 []


Overfull \hbox (3.0405pt too wide) in paragraph at lines 8032--8039
\T1/ppl/m/n/10.95 in ba-sic crafts found them-selves pur-chas-ing man-u-fac-tur
ed goods
 []


Overfull \hbox (5.27359pt too wide) in paragraph at lines 8032--8039
\T1/ppl/m/n/10.95 tant work-shops us-ing tech-niques per-fected over cen-turies
 proved
 []


Overfull \hbox (4.94539pt too wide) in paragraph at lines 8032--8039
\T1/ppl/m/n/10.95 more durable than lo-cal tex-tiles. Tools forged in for-eign 
foundries
 []


Overfull \hbox (3.47798pt too wide) in paragraph at lines 8032--8039
\T1/ppl/m/n/10.95 us-ing su-pe-rior met-al-lur-gi-cal meth-ods proved more ef-f
ec-tive than
 []


Overfull \hbox (9.21721pt too wide) in paragraph at lines 8041--8049
[]\T1/ppl/m/it/10.95 [Canon: FE-SA-B2-WIT-021 | Year: SA 23] My grand-
 []


Overfull \hbox (6.20532pt too wide) in paragraph at lines 8041--8049
\T1/ppl/m/it/10.95 val-ley meth-ods passed down through gen-er-a-tions of women
.
 []




Package fancyhdr Warning: \headheight is too small (12.0pt): 
(fancyhdr)                Make it at least 13.59999pt, for example:
(fancyhdr)                \setlength{\headheight}{13.59999pt}.
(fancyhdr)                You might also make \topmargin smaller:
(fancyhdr)                \addtolength{\topmargin}{-1.59999pt}.

[203]
Overfull \hbox (15.3149pt too wide) in paragraph at lines 8109--8115
\T1/ppl/m/n/10.95 quate to or-ga-nize the com-plex com-mer-cial en-ter-prises t
hat emerged
 []




Package fancyhdr Warning: \headheight is too small (12.0pt): 
(fancyhdr)                Make it at least 13.59999pt, for example:
(fancyhdr)                \setlength{\headheight}{13.59999pt}.
(fancyhdr)                You might also make \topmargin smaller:
(fancyhdr)                \addtolength{\topmargin}{-1.59999pt}.

[204]
Overfull \hbox (0.91089pt too wide) in paragraph at lines 8116--8123
[]\T1/ppl/m/n/10.95 Merchant houses like the House of Gol-dreach, the Sil-ver C
ur-
 []


Overfull \hbox (0.36867pt too wide) in paragraph at lines 8116--8123
\T1/ppl/m/n/10.95 cial-ties: nav-i-ga-tion, fi-nance, diplo-macy, cargo han-dli
ng, and risk
 []


Overfull \hbox (18.58429pt too wide) in paragraph at lines 8124--8130
[]\T1/ppl/m/n/10.95 The House of Gol-dreach, founded by Merchant-Captain Thorse
n
 []


Overfull \hbox (4.17905pt too wide) in paragraph at lines 8132--8137
\T1/ppl/m/it/10.95 fer-ent king-doms, each staffed by fam-ily mem-bers and swor
n
 []


Overfull \hbox (1.98898pt too wide) in paragraph at lines 8139--8146
\T1/ppl/m/n/10.95 gard-less of their birth cir-cum-stances. The most suc-cess-f
ul houses
 []




Package fancyhdr Warning: \headheight is too small (12.0pt): 
(fancyhdr)                Make it at least 13.59999pt, for example:
(fancyhdr)                \setlength{\headheight}{13.59999pt}.
(fancyhdr)                You might also make \topmargin smaller:
(fancyhdr)                \addtolength{\topmargin}{-1.59999pt}.

[205]
Overfull \hbox (0.87164pt too wide) in paragraph at lines 8164--8172
\T1/ppl/m/n/10.95 The com-plex-ity of in-ter-na-tional trade re-la-tion-ships t
hat emerged
 []


Overfull \hbox (0.34627pt too wide) in paragraph at lines 8164--8172
\T1/ppl/m/n/10.95 ad-dress-ing com-plex ques-tions in-volv-ing for-eign le-gal 
tra-di-tions,
 []


Overfull \hbox (0.93748pt too wide) in paragraph at lines 8164--8172
\T1/ppl/m/n/10.95 in-ter-na-tional diplo-matic re-la-tion-ships, and com-mer-ci
al prac-tices
 []


Overfull \hbox (3.13977pt too wide) in paragraph at lines 8183--8191
[]\T1/ppl/m/it/10.95 [Canon: FE-SA-B2-EDI-026 | Year: SA 26] The Com-
 []




Package fancyhdr Warning: \headheight is too small (12.0pt): 
(fancyhdr)                Make it at least 13.59999pt, for example:
(fancyhdr)                \setlength{\headheight}{13.59999pt}.
(fancyhdr)                You might also make \topmargin smaller:
(fancyhdr)                \addtolength{\topmargin}{-1.59999pt}.

[206]
Overfull \hbox (4.32774pt too wide) in paragraph at lines 8193--8200
[]\T1/ppl/m/n/10.95 The Com-mer-cial Law Code ad-dressed prac-ti-cal prob-lems 
that
 []


Overfull \hbox (10.95172pt too wide) in paragraph at lines 8201--8207
[]\T1/ppl/m/n/10.95 The de-vel-op-ment of com-mer-cial ar-bi-tra-tion pro-ce-du
res proved
 []


Overfull \hbox (15.3149pt too wide) in paragraph at lines 8211--8217
\T1/ppl/m/n/10.95 quate to or-ga-nize the com-plex com-mer-cial en-ter-prises t
hat emerged
 []


Overfull \hbox (0.91089pt too wide) in paragraph at lines 8218--8225
[]\T1/ppl/m/n/10.95 Merchant houses like the House of Gol-dreach, the Sil-ver C
ur-
 []


Overfull \hbox (0.36867pt too wide) in paragraph at lines 8218--8225
\T1/ppl/m/n/10.95 cial-ties: nav-i-ga-tion, fi-nance, diplo-macy, cargo han-dli
ng, and risk
 []


Overfull \hbox (4.17905pt too wide) in paragraph at lines 8227--8232
\T1/ppl/m/it/10.95 fer-ent king-doms, each staffed by fam-ily mem-bers and swor
n
 []




Package fancyhdr Warning: \headheight is too small (12.0pt): 
(fancyhdr)                Make it at least 13.59999pt, for example:
(fancyhdr)                \setlength{\headheight}{13.59999pt}.
(fancyhdr)                You might also make \topmargin smaller:
(fancyhdr)                \addtolength{\topmargin}{-1.59999pt}.

[207]
Overfull \hbox (1.98898pt too wide) in paragraph at lines 8234--8241
\T1/ppl/m/n/10.95 gard-less of their birth cir-cum-stances. The most suc-cess-f
ul houses
 []


Overfull \hbox (5.8924pt too wide) in paragraph at lines 8254--8260
[]\T1/ppl/m/n/10.95 Rather than at-tempt-ing to im-pose mar-itime in-sti-tu-tio
nal mod-
 []


Overfull \hbox (4.72098pt too wide) in paragraph at lines 8261--8268
[]\T1/ppl/m/n/10.95 The de-vel-op-ment of the Provin-cial Au-ton-omy pol-icy re
-quired
 []


Overfull \hbox (12.67715pt too wide) in paragraph at lines 8270--8277
[]\T1/ppl/m/it/10.95 [Canon: FE-SA-B2-EDI-025 | Year: SA 27] The Provin-
 []




Package fancyhdr Warning: \headheight is too small (12.0pt): 
(fancyhdr)                Make it at least 13.59999pt, for example:
(fancyhdr)                \setlength{\headheight}{13.59999pt}.
(fancyhdr)                You might also make \topmargin smaller:
(fancyhdr)                \addtolength{\topmargin}{-1.59999pt}.

[208]
Overfull \hbox (1.14532pt too wide) in paragraph at lines 8313--8319
\T1/ppl/m/n/10.95 The Provin-cial Au-ton-omy pol-icy cre-ated mil-i-tary chal-l
enges that
 []




Package fancyhdr Warning: \headheight is too small (12.0pt): 
(fancyhdr)                Make it at least 13.59999pt, for example:
(fancyhdr)                \setlength{\headheight}{13.59999pt}.
(fancyhdr)                You might also make \topmargin smaller:
(fancyhdr)                \addtolength{\topmargin}{-1.59999pt}.

[209]


Package fancyhdr Warning: \headheight is too small (12.0pt): 
(fancyhdr)                Make it at least 13.59999pt, for example:
(fancyhdr)                \setlength{\headheight}{13.59999pt}.
(fancyhdr)                You might also make \topmargin smaller:
(fancyhdr)                \addtolength{\topmargin}{-1.59999pt}.

[210]
Overfull \hbox (7.1901pt too wide) in paragraph at lines 8372--8381
\T1/ppl/m/n/10.95 sys-tems that could ef-fi-ciently trans-fer goods be-tween oc
ean-going
 []


Overfull \hbox (6.28148pt too wide) in paragraph at lines 8372--8381
\T1/ppl/m/n/10.95 ves-sels and in-land trans-porta-tion net-works. His de-signs
 in-cluded
 []


Overfull \hbox (2.81033pt too wide) in paragraph at lines 8383--8391
\T1/ppl/m/it/10.95 spice ships from the East-ern is-lands, and the pre-cious me
tal
 []




Package fancyhdr Warning: \headheight is too small (12.0pt): 
(fancyhdr)                Make it at least 13.59999pt, for example:
(fancyhdr)                \setlength{\headheight}{13.59999pt}.
(fancyhdr)                You might also make \topmargin smaller:
(fancyhdr)                \addtolength{\topmargin}{-1.59999pt}.

[211]
Overfull \hbox (16.24023pt too wide) in paragraph at lines 8393--8402
[]\T1/ppl/m/n/10.95 The de-vel-op-ment of in-land trans-porta-tion in-fras-truc
-ture proved
 []


Overfull \hbox (21.12885pt too wide) in paragraph at lines 8393--8402
\T1/ppl/m/n/10.95 com-mu-ni-ties, cre-at-ing op-por-tu-ni-ties for co-op-er-a-t
ion but also sources
 []


Overfull \hbox (6.79097pt too wide) in paragraph at lines 8403--8410
[]\T1/ppl/m/n/10.95 The Ad-mi-ral\TS1/ppl/m/n/10.95 '\T1/ppl/m/n/10.95 s Coun-c
il es-tab-lished a Road-Building Fund sup-
 []


Overfull \hbox (6.92715pt too wide) in paragraph at lines 8403--8410
\T1/ppl/m/n/10.95 as dif-fer-ent com-mu-ni-ties com-peted for in-fras-truc-ture
 in-vest-ments
 []


Overfull \hbox (12.205pt too wide) in paragraph at lines 8414--8420
\T1/ppl/m/n/10.95 selves com-pet-ing with im-ported food-stuffs that were of-te
n cheaper
 []


Overfull \hbox (4.23352pt too wide) in paragraph at lines 8421--8428
\T1/ppl/m/n/10.95 hu-man re-sources needed to de-velop com-pet-i-tive agri-cul-
tural and
 []


Overfull \hbox (3.32545pt too wide) in paragraph at lines 8430--8437
[]\T1/ppl/m/it/10.95 [Canon: FE-SA-B2-WIT-035 | Year: SA 30] I watched
 []




Package fancyhdr Warning: \headheight is too small (12.0pt): 
(fancyhdr)                Make it at least 13.59999pt, for example:
(fancyhdr)                \setlength{\headheight}{13.59999pt}.
(fancyhdr)                You might also make \topmargin smaller:
(fancyhdr)                \addtolength{\topmargin}{-1.59999pt}.

[212]
Overfull \hbox (1.14532pt too wide) in paragraph at lines 8448--8454
\T1/ppl/m/n/10.95 The Provin-cial Au-ton-omy pol-icy cre-ated mil-i-tary chal-l
enges that
 []




Package fancyhdr Warning: \headheight is too small (12.0pt): 
(fancyhdr)                Make it at least 13.59999pt, for example:
(fancyhdr)                \setlength{\headheight}{13.59999pt}.
(fancyhdr)                You might also make \topmargin smaller:
(fancyhdr)                \addtolength{\topmargin}{-1.59999pt}.

[213]
Overfull \hbox (10.04796pt too wide) in paragraph at lines 8488--8493
\T1/ppl/m/n/10.95 ucts, but the un-der-ly-ing is-sue was the broader ques-tion 
of whether
 []


Overfull \hbox (4.35521pt too wide) in paragraph at lines 8510--8516
[]\T1/ppl/m/it/10.95 [Canon: FE-SA-B2-WIT-045 | Year: SA 36] The farm-
 []




Package fancyhdr Warning: \headheight is too small (12.0pt): 
(fancyhdr)                Make it at least 13.59999pt, for example:
(fancyhdr)                \setlength{\headheight}{13.59999pt}.
(fancyhdr)                You might also make \topmargin smaller:
(fancyhdr)                \addtolength{\topmargin}{-1.59999pt}.

[214]
Overfull \hbox (0.94331pt too wide) in paragraph at lines 8518--8525
[]\T1/ppl/m/n/10.95 The con-flict es-ca-lated when Ad-mi-ral tax col-lec-tors a
t-tempted
 []


Underfull \vbox (badness 1478) has occurred while \output is active []




Package fancyhdr Warning: \headheight is too small (12.0pt): 
(fancyhdr)                Make it at least 13.59999pt, for example:
(fancyhdr)                \setlength{\headheight}{13.59999pt}.
(fancyhdr)                You might also make \topmargin smaller:
(fancyhdr)                \addtolength{\topmargin}{-1.59999pt}.

[215]


Package fancyhdr Warning: \headheight is too small (12.0pt): 
(fancyhdr)                Make it at least 13.59999pt, for example:
(fancyhdr)                \setlength{\headheight}{13.59999pt}.
(fancyhdr)                You might also make \topmargin smaller:
(fancyhdr)                \addtolength{\topmargin}{-1.59999pt}.

[216]
Overfull \hbox (11.68544pt too wide) in paragraph at lines 8615--8620
[]\T1/ppl/m/n/10.95 The wit-ness de-scribes the per-sonal im-pact of eco-nomic 
changes
 []


Overfull \hbox (2.8973pt too wide) in paragraph at lines 8615--8620
\T1/ppl/m/n/10.95 spite their qual-ity and en-vi-ron-men-tal sus-tain-abil-ity.
 The farmer\TS1/ppl/m/n/10.95 '\T1/ppl/m/n/10.95 s
 []




Package fancyhdr Warning: \headheight is too small (12.0pt): 
(fancyhdr)                Make it at least 13.59999pt, for example:
(fancyhdr)                \setlength{\headheight}{13.59999pt}.
(fancyhdr)                You might also make \topmargin smaller:
(fancyhdr)                \addtolength{\topmargin}{-1.59999pt}.

[217]
Overfull \hbox (2.55304pt too wide) in paragraph at lines 8645--8653
[]\T1/ppl/m/n/10.95 The skills that sus-tained these com-mu-ni-ties for generat
ions---
 []


Overfull \hbox (1.60558pt too wide) in paragraph at lines 8660--8667
\T1/ppl/m/n/10.95 grown, whose cap-tains can-not dis-tin-guish be-tween va-ri-e
ties that
 []




Package fancyhdr Warning: \headheight is too small (12.0pt): 
(fancyhdr)                Make it at least 13.59999pt, for example:
(fancyhdr)                \setlength{\headheight}{13.59999pt}.
(fancyhdr)                You might also make \topmargin smaller:
(fancyhdr)                \addtolength{\topmargin}{-1.59999pt}.

[218]
Overfull \hbox (6.2046pt too wide) in paragraph at lines 8679--8687
\T1/ppl/m/n/10.95 tra-di-tional liveli-hoods threat-ened by com-mer-cial ex-pan
-sion. Har-
 []


Overfull \hbox (5.17497pt too wide) in paragraph at lines 8679--8687
\T1/ppl/m/n/10.95 by ei-ther tra-di-tional val-ley lead-ers or emerg-ing com-me
r-cial elites. 
 []


Overfull \hbox (3.17784pt too wide) in paragraph at lines 8688--8694
[]\T1/ppl/m/n/10.95 The Har-bor Work-ers Al-liance, founded by dock-loader Than
e
 []


Overfull \hbox (0.8943pt too wide) in paragraph at lines 8688--8694
\T1/ppl/m/n/10.95 Strong-back and ship-carpenter Mira True-ham-mer, de-vel-oped
 in-
 []


Overfull \hbox (9.65347pt too wide) in paragraph at lines 8688--8694
\T1/ppl/m/n/10.95 no-va-tive or-ga-ni-za-tional tech-niques that com-bined tra-
di-tional craft
 []


Overfull \hbox (0.8991pt too wide) in paragraph at lines 8713--8720
[]\T1/ppl/m/n/10.95 The Al-liance de-vel-oped col-lec-tive bar-gain-ing tech-ni
ques that
 []




Package fancyhdr Warning: \headheight is too small (12.0pt): 
(fancyhdr)                Make it at least 13.59999pt, for example:
(fancyhdr)                \setlength{\headheight}{13.59999pt}.
(fancyhdr)                You might also make \topmargin smaller:
(fancyhdr)                \addtolength{\topmargin}{-1.59999pt}.

[219]
Overfull \hbox (16.65071pt too wide) in paragraph at lines 8724--8731
\T1/ppl/m/n/10.95 for-mal diplo-matic re-la-tion-ships ex-isted. Merchant-Capta
in Thorsen
 []


Overfull \hbox (1.98915pt too wide) in paragraph at lines 8724--8731
\T1/ppl/m/n/10.95 Gol-dreach, for ex-am-ple, ne-go-ti-ated com-mer-cial agree-m
ents with
 []


Overfull \hbox (7.62766pt too wide) in paragraph at lines 8738--8745
\T1/ppl/m/n/10.95 net-works that pro-vided in-for-ma-tion about po-lit-i-cal de
-vel-op-ments
 []




Package fancyhdr Warning: \headheight is too small (12.0pt): 
(fancyhdr)                Make it at least 13.59999pt, for example:
(fancyhdr)                \setlength{\headheight}{13.59999pt}.
(fancyhdr)                You might also make \topmargin smaller:
(fancyhdr)                \addtolength{\topmargin}{-1.59999pt}.

[220]
Overfull \hbox (1.43689pt too wide) in paragraph at lines 8766--8770
[]\T1/ppl/m/n/10.95 The suc-cess of com-mer-cial diplo-macy also cre-ated new f
orms
 []


Overfull \hbox (0.10661pt too wide) in paragraph at lines 8792--8800
[]\T1/ppl/m/it/10.95 [Canon: FE-SA-B2-EDI-042 | Year: SA 40] The Cur-
 []


Overfull \hbox (7.3761pt too wide) in paragraph at lines 8792--8800
\T1/ppl/m/it/10.95 quire-ments for all in-sti-tu-tions en-gag-ing in for-eign e
x-change
 []




Package fancyhdr Warning: \headheight is too small (12.0pt): 
(fancyhdr)                Make it at least 13.59999pt, for example:
(fancyhdr)                \setlength{\headheight}{13.59999pt}.
(fancyhdr)                You might also make \topmargin smaller:
(fancyhdr)                \addtolength{\topmargin}{-1.59999pt}.

[221]
Overfull \hbox (3.21558pt too wide) in paragraph at lines 8834--8843
\T1/ppl/m/it/10.95 early ex-per-i-men-tal phase. Our neigh-bor-hood in-cluded f
am-
 []




Package fancyhdr Warning: \headheight is too small (12.0pt): 
(fancyhdr)                Make it at least 13.59999pt, for example:
(fancyhdr)                \setlength{\headheight}{13.59999pt}.
(fancyhdr)                You might also make \topmargin smaller:
(fancyhdr)                \addtolength{\topmargin}{-1.59999pt}.

[222]
Overfull \hbox (2.30685pt too wide) in paragraph at lines 8861--8861
[]\T1/ppl/b/n/12 Edict: The Com-pre-hen-sive Trade Reg-u-la-tion Act 
 []




Package fancyhdr Warning: \headheight is too small (12.0pt): 
(fancyhdr)                Make it at least 13.59999pt, for example:
(fancyhdr)                \setlength{\headheight}{13.59999pt}.
(fancyhdr)                You might also make \topmargin smaller:
(fancyhdr)                \addtolength{\topmargin}{-1.59999pt}.

[223]
Overfull \hbox (1.67213pt too wide) in paragraph at lines 8884--8888
[]\T1/ppl/m/it/10.95 Fourth: The Ad-mi-ral Com-merce Au-thor-ity shall main-
 []


Overfull \hbox (10.08258pt too wide) in paragraph at lines 8903--8903
[]\T1/ppl/b/n/12 Annalist\TS1/ppl/b/n/12 '\T1/ppl/b/n/12 s Com-men-tary: The Do
uble-Edged Pros-
 []


Overfull \hbox (3.10545pt too wide) in paragraph at lines 8915--8922
\T1/ppl/m/n/10.95 vel-oped into cos-mopoli-tan cen-ters that of-fered op-por-tu
-ni-ties and
 []




Package fancyhdr Warning: \headheight is too small (12.0pt): 
(fancyhdr)                Make it at least 13.59999pt, for example:
(fancyhdr)                \setlength{\headheight}{13.59999pt}.
(fancyhdr)                You might also make \topmargin smaller:
(fancyhdr)                \addtolength{\topmargin}{-1.59999pt}.

[224]
Overfull \hbox (5.62384pt too wide) in paragraph at lines 8930--8939
\T1/ppl/m/n/10.95 vel-op-ing in-sti-tu-tional re-sponses to the chal-lenges cre
-ated by com-
 []


Overfull \hbox (2.67389pt too wide) in paragraph at lines 8949--8956
[]\T1/ppl/m/n/10.95 Most fun-da-men-tally, the com-mer-cial ex-pan-sion cre-ate
d a ten-
 []


Overfull \hbox (0.43373pt too wide) in paragraph at lines 8957--8963
\T1/ppl/m/n/10.95 po-lit-i-cal frag-men-ta-tion that would char-ac-ter-ize the 
later decades
 []


Underfull \vbox (badness 1448) has occurred while \output is active []




Package fancyhdr Warning: \headheight is too small (12.0pt): 
(fancyhdr)                Make it at least 13.59999pt, for example:
(fancyhdr)                \setlength{\headheight}{13.59999pt}.
(fancyhdr)                You might also make \topmargin smaller:
(fancyhdr)                \addtolength{\topmargin}{-1.59999pt}.

[225]


Package fancyhdr Warning: \headheight is too small (12.0pt): 
(fancyhdr)                Make it at least 13.59999pt, for example:
(fancyhdr)                \setlength{\headheight}{13.59999pt}.
(fancyhdr)                You might also make \topmargin smaller:
(fancyhdr)                \addtolength{\topmargin}{-1.59999pt}.

[226]
Overfull \hbox (7.3433pt too wide) in paragraph at lines 9028--9034
\T1/ppl/m/n/10.95 com-mer-cial flex-i-bil-ity that had en-abled Ad-mi-ral pros-
per-ity. How-
 []


Overfull \hbox (0.36792pt too wide) in paragraph at lines 9038--9044
\T1/ppl/m/n/10.95 from mul-ti-ple in-vestors, re-duc-ing in-di-vid-ual risk whi
le en-abling
 []




Package fancyhdr Warning: \headheight is too small (12.0pt): 
(fancyhdr)                Make it at least 13.59999pt, for example:
(fancyhdr)                \setlength{\headheight}{13.59999pt}.
(fancyhdr)                You might also make \topmargin smaller:
(fancyhdr)                \addtolength{\topmargin}{-1.59999pt}.

[227]
Overfull \hbox (4.6169pt too wide) in paragraph at lines 9061--9066
\T1/ppl/m/n/10.95 so-phis-ti-cated re-la-tion-ships be-tween com-mer-cial and g
ov-ern-men-
 []


Overfull \hbox (0.94868pt too wide) in paragraph at lines 9061--9066
\T1/ppl/m/n/10.95 tal ac-tiv-i-ties. The Ad-mi-ral Trea-sury be-gan us-ing mer-
chant house
 []


Overfull \hbox (3.6509pt too wide) in paragraph at lines 9068--9068
[]\T1/ppl/b/n/12 Sub-Chapter: The Break-down of Tra-di-tional Au-
 []


Overfull \hbox (6.15544pt too wide) in paragraph at lines 9077--9084
[]\T1/ppl/m/n/10.95 Religious au-thor-i-ties whose le-git-i-macy had de-rived f
rom their
 []




Package fancyhdr Warning: \headheight is too small (12.0pt): 
(fancyhdr)                Make it at least 13.59999pt, for example:
(fancyhdr)                \setlength{\headheight}{13.59999pt}.
(fancyhdr)                You might also make \topmargin smaller:
(fancyhdr)                \addtolength{\topmargin}{-1.59999pt}.

[228]
Overfull \hbox (0.58223pt too wide) in paragraph at lines 9105--9112
[]\T1/ppl/m/n/10.95 The pe-riod of com-mer-cial ex-pan-sion presents his-to-ri-
ans with
 []


Overfull \hbox (1.90086pt too wide) in paragraph at lines 9105--9112
\T1/ppl/m/n/10.95 ri-to-ries achieved lev-els of wealth and in-ter-na-tional in
-flu-ence that
 []


Overfull \hbox (13.35461pt too wide) in paragraph at lines 9120--9126
\T1/ppl/m/n/10.95 po-lit-i-cal struc-tures that could be used to or-ga-nize re-
sis-tance against
 []




Package fancyhdr Warning: \headheight is too small (12.0pt): 
(fancyhdr)                Make it at least 13.59999pt, for example:
(fancyhdr)                \setlength{\headheight}{13.59999pt}.
(fancyhdr)                You might also make \topmargin smaller:
(fancyhdr)                \addtolength{\topmargin}{-1.59999pt}.

[229]
Overfull \hbox (1.4143pt too wide) in paragraph at lines 9153--9158
[]\T1/ppl/m/n/10.95 Count too the fields that were not planted be-cause their f
arm-
 []




Package fancyhdr Warning: \headheight is too small (12.0pt): 
(fancyhdr)                Make it at least 13.59999pt, for example:
(fancyhdr)                \setlength{\headheight}{13.59999pt}.
(fancyhdr)                You might also make \topmargin smaller:
(fancyhdr)                \addtolength{\topmargin}{-1.59999pt}.

[230]
Overfull \hbox (4.59508pt too wide) in paragraph at lines 9167--9173
\T1/ppl/m/n/10.95 that the Ad-mi-ral sys-tem was wrong to pur-sue pros-per-ity 
through
 []


Overfull \hbox (6.27092pt too wide) in paragraph at lines 9182--9189
\T1/ppl/m/n/10.95 records of Cres-cent Har-bor: sev-en-teen mer-chant ves-sels 
an-chored
 []


Overfull \hbox (7.34424pt too wide) in paragraph at lines 9191--9199
[]\T1/ppl/m/it/10.95 [Canon: FE-SA-B2-ANN-150 | Year: SA 387] Harbor-
 []


Overfull \hbox (4.39809pt too wide) in paragraph at lines 9201--9207
\T1/ppl/m/n/10.95 chron-i-clers would later term the Hun-dred Har-bors Cri-sis,
 though
 []




Package fancyhdr Warning: \headheight is too small (12.0pt): 
(fancyhdr)                Make it at least 13.59999pt, for example:
(fancyhdr)                \setlength{\headheight}{13.59999pt}.
(fancyhdr)                You might also make \topmargin smaller:
(fancyhdr)                \addtolength{\topmargin}{-1.59999pt}.

[231]
Overfull \hbox (0.70827pt too wide) in paragraph at lines 9237--9245
[]\T1/ppl/m/it/10.95 [Canon: FE-SA-B2-WIT-065 | Year: SA 388] I served
 []




Package fancyhdr Warning: \headheight is too small (12.0pt): 
(fancyhdr)                Make it at least 13.59999pt, for example:
(fancyhdr)                \setlength{\headheight}{13.59999pt}.
(fancyhdr)                You might also make \topmargin smaller:
(fancyhdr)                \addtolength{\topmargin}{-1.59999pt}.

[232]
Overfull \hbox (1.90115pt too wide) in paragraph at lines 9271--9279
\T1/ppl/m/it/10.95 mer-chant ves-sels in her ju-ris-dic-tion were in-creas-ingl
y pur-
 []




Package fancyhdr Warning: \headheight is too small (12.0pt): 
(fancyhdr)                Make it at least 13.59999pt, for example:
(fancyhdr)                \setlength{\headheight}{13.59999pt}.
(fancyhdr)                You might also make \topmargin smaller:
(fancyhdr)                \addtolength{\topmargin}{-1.59999pt}.

[233]
Overfull \hbox (2.29536pt too wide) in paragraph at lines 9298--9304
\T1/ppl/m/n/10.95 sels. A sin-gle cargo ship might be com-manded by Ad-mi-ral f
orces
 []


Overfull \hbox (13.827pt too wide) in paragraph at lines 9313--9321
[]\T1/ppl/m/it/10.95 [Canon: FE-SA-B2-WIT-072 | Year: SA 391] Merchant-
 []




Package fancyhdr Warning: \headheight is too small (12.0pt): 
(fancyhdr)                Make it at least 13.59999pt, for example:
(fancyhdr)                \setlength{\headheight}{13.59999pt}.
(fancyhdr)                You might also make \topmargin smaller:
(fancyhdr)                \addtolength{\topmargin}{-1.59999pt}.

[234]
Overfull \hbox (6.9496pt too wide) in paragraph at lines 9323--9329
\T1/ppl/m/n/10.95 along-side the re-gional Ad-mi-ral com-mands and the pi-rate 
leagues. 
 []




Package fancyhdr Warning: \headheight is too small (12.0pt): 
(fancyhdr)                Make it at least 13.59999pt, for example:
(fancyhdr)                \setlength{\headheight}{13.59999pt}.
(fancyhdr)                You might also make \topmargin smaller:
(fancyhdr)                \addtolength{\topmargin}{-1.59999pt}.

[235]
Overfull \hbox (1.34285pt too wide) in paragraph at lines 9385--9391
\T1/ppl/m/n/10.95 in-cluded fast at-tack ves-sels that could re-spond rapidly t
o threats,
 []


Overfull \hbox (0.61508pt too wide) in paragraph at lines 9392--9399
[]\T1/ppl/m/n/10.95 Captain Stormwind had de-vel-oped her ex-per-tise in mar-it
ime
 []


Overfull \hbox (4.41933pt too wide) in paragraph at lines 9400--9406
\T1/ppl/m/n/10.95 con-flicts with-out re-sort to vi-o-lence or ex-pen-sive le-g
al pro-ce-dures.
 []




Package fancyhdr Warning: \headheight is too small (12.0pt): 
(fancyhdr)                Make it at least 13.59999pt, for example:
(fancyhdr)                \setlength{\headheight}{13.59999pt}.
(fancyhdr)                You might also make \topmargin smaller:
(fancyhdr)                \addtolength{\topmargin}{-1.59999pt}.

[236]
Overfull \hbox (7.5407pt too wide) in paragraph at lines 9408--9415
\T1/ppl/m/it/10.95 re-solved a com-plex dis-pute be-tween North-ern whale hunte
rs
 []


Overfull \hbox (0.58707pt too wide) in paragraph at lines 9417--9423
\T1/ppl/m/n/10.95 struc-tures that in-cluded elected lead-er-ship, writ-ten cod
es of con-
 []


Overfull \hbox (8.92032pt too wide) in paragraph at lines 9417--9423
\T1/ppl/m/n/10.95 duct, and for-mal pro-ce-dures for re-solv-ing in-ter-nal dis
-putes. These
 []


Overfull \hbox (4.13515pt too wide) in paragraph at lines 9435--9443
\T1/ppl/m/n/10.95 Control of in-for-ma-tion be-came cru-cial to suc-cess dur-in
g the Hun-
 []


Overfull \hbox (0.16026pt too wide) in paragraph at lines 9435--9443
\T1/ppl/m/n/10.95 de-vel-op-ments, and nat-u-ral con-di-tions that could af-fec
t mar-itime
 []




Package fancyhdr Warning: \headheight is too small (12.0pt): 
(fancyhdr)                Make it at least 13.59999pt, for example:
(fancyhdr)                \setlength{\headheight}{13.59999pt}.
(fancyhdr)                You might also make \topmargin smaller:
(fancyhdr)                \addtolength{\topmargin}{-1.59999pt}.

[237]
Overfull \hbox (4.97859pt too wide) in paragraph at lines 9452--9459
\T1/ppl/m/n/10.95 in-di-vid-u-als from many dif-fer-ent cul-tural back-grounds 
who could
 []


Overfull \hbox (2.48117pt too wide) in paragraph at lines 9469--9475
\T1/ppl/m/n/10.95 reg-u-la-tory changes that might af-fect trad-ing op-por-tu-n
i-ties. Their
 []




Package fancyhdr Warning: \headheight is too small (12.0pt): 
(fancyhdr)                Make it at least 13.59999pt, for example:
(fancyhdr)                \setlength{\headheight}{13.59999pt}.
(fancyhdr)                You might also make \topmargin smaller:
(fancyhdr)                \addtolength{\topmargin}{-1.59999pt}.

[238]
Overfull \hbox (8.52046pt too wide) in paragraph at lines 9493--9499
[]\T1/ppl/m/n/10.95 Silver Har-bor was strate-gi-cally im-por-tant be-cause it 
con-trolled
 []


Overfull \hbox (18.57265pt too wide) in paragraph at lines 9517--9524
[]\T1/ppl/m/n/10.95 However, the siege proved coun-ter-pro-duc-tive be-cause it
 demon-
 []




Package fancyhdr Warning: \headheight is too small (12.0pt): 
(fancyhdr)                Make it at least 13.59999pt, for example:
(fancyhdr)                \setlength{\headheight}{13.59999pt}.
(fancyhdr)                You might also make \topmargin smaller:
(fancyhdr)                \addtolength{\topmargin}{-1.59999pt}.

[239]
Overfull \hbox (0.70827pt too wide) in paragraph at lines 9552--9559
[]\T1/ppl/m/it/10.95 [Canon: FE-SA-B2-WIT-090 | Year: SA 395] I served
 []


Overfull \hbox (17.94847pt too wide) in paragraph at lines 9561--9567
[]\T1/ppl/m/n/10.95 The wit-ness de-scribes the in-ter-nal or-ga-ni-za-tion of 
pi-rate leagues,
 []


Overfull \hbox (1.15657pt too wide) in paragraph at lines 9561--9567
\T1/ppl/m/n/10.95 tomers. The ac-count chal-lenges con-ven-tional as-sump-tions
 about
 []




Package fancyhdr Warning: \headheight is too small (12.0pt): 
(fancyhdr)                Make it at least 13.59999pt, for example:
(fancyhdr)                \setlength{\headheight}{13.59999pt}.
(fancyhdr)                You might also make \topmargin smaller:
(fancyhdr)                \addtolength{\topmargin}{-1.59999pt}.

[240]
Overfull \hbox (1.28859pt too wide) in paragraph at lines 9569--9578
\T1/ppl/m/it/10.95 from com-mand if they proved in-com-pe-tent or abu-sive. Our

 []


Overfull \hbox (2.17511pt too wide) in paragraph at lines 9583--9589
\T1/ppl/m/n/10.95 terns, while com-bat op-er-a-tions con-tam-i-nated har-bor wa
-ters with
 []


Overfull \hbox (7.40964pt too wide) in paragraph at lines 9604--9611
\T1/ppl/m/it/10.95 North-ern fish-ing grounds. Un-like Ad-mi-ral war-ships, whi
ch
 []




Package fancyhdr Warning: \headheight is too small (12.0pt): 
(fancyhdr)                Make it at least 13.59999pt, for example:
(fancyhdr)                \setlength{\headheight}{13.59999pt}.
(fancyhdr)                You might also make \topmargin smaller:
(fancyhdr)                \addtolength{\topmargin}{-1.59999pt}.

[241]
Overfull \hbox (3.55496pt too wide) in paragraph at lines 9613--9620
\T1/ppl/m/n/10.95 when or-ga-ni-za-tions were held ac-count-able for the long-t
erm con-
 []


Overfull \hbox (18.69952pt too wide) in paragraph at lines 9639--9646
[]\T1/ppl/m/it/10.95 [Canon: FE-SA-B2-ANN-165 | Year: SA 392] Merchant-
 []


Overfull \hbox (0.106pt too wide) in paragraph at lines 9639--9646
\T1/ppl/m/it/10.95 pay-ments to the Ad-mi-ral Trea-sury, the East-ern Fleet Com
-
 []




Package fancyhdr Warning: \headheight is too small (12.0pt): 
(fancyhdr)                Make it at least 13.59999pt, for example:
(fancyhdr)                \setlength{\headheight}{13.59999pt}.
(fancyhdr)                You might also make \topmargin smaller:
(fancyhdr)                \addtolength{\topmargin}{-1.59999pt}.

[242]
Overfull \hbox (0.39082pt too wide) in paragraph at lines 9656--9663
\T1/ppl/m/n/10.95 si-fied, var-i-ous fac-tions be-gan us-ing trade em-bar-goes 
as weapons
 []


Overfull \hbox (3.5983pt too wide) in paragraph at lines 9656--9663
\T1/ppl/m/n/10.95 pi-rate leagues re-tal-i-ated by threat-en-ing vi-o-lence aga
inst any mer-
 []


Overfull \hbox (4.25053pt too wide) in paragraph at lines 9664--9670
[]\T1/ppl/m/n/10.95 The re-sult was a se-ries of over-lap-ping and con-tra-dic-
tory trade
 []


Overfull \hbox (1.33151pt too wide) in paragraph at lines 9664--9670
\T1/ppl/m/n/10.95 re-stric-tions that made le-gal com-merce vir-tu-ally im-pos-
si-ble while
 []




Package fancyhdr Warning: \headheight is too small (12.0pt): 
(fancyhdr)                Make it at least 13.59999pt, for example:
(fancyhdr)                \setlength{\headheight}{13.59999pt}.
(fancyhdr)                You might also make \topmargin smaller:
(fancyhdr)                \addtolength{\topmargin}{-1.59999pt}.

[243]
Overfull \hbox (3.18237pt too wide) in paragraph at lines 9691--9697
\T1/ppl/m/n/10.95 Control of com-mer-cial in-tel-li-gence be-came cru-cial to s
uc-cess dur-
 []


Overfull \hbox (2.27405pt too wide) in paragraph at lines 9691--9697
\T1/ppl/m/n/10.95 ing the Hun-dred Har-bors Cri-sis. Knowl-edge of ship move-me
nts,
 []


Overfull \hbox (3.85028pt too wide) in paragraph at lines 9691--9697
\T1/ppl/m/n/10.95 cargo val-ues, weather pat-terns, and po-lit-i-cal de-vel-op-
ments could
 []


Overfull \hbox (0.83907pt too wide) in paragraph at lines 9706--9713
\T1/ppl/m/it/10.95 master Ko-rvek of the Ad-mi-ral In-tel-li-gence Ser-vice re-
ported
 []


Overfull \hbox (2.81013pt too wide) in paragraph at lines 9706--9713
\T1/ppl/m/it/10.95 that pi-rate in-tel-li-gence net-works had suc-cess-fully pr
e-dicted
 []


Overfull \hbox (3.84567pt too wide) in paragraph at lines 9715--9720
[]\T1/ppl/m/n/10.95 The in-for-ma-tion wars cre-ated a cli-mate of sus-pi-cion 
and para-
 []




Package fancyhdr Warning: \headheight is too small (12.0pt): 
(fancyhdr)                Make it at least 13.59999pt, for example:
(fancyhdr)                \setlength{\headheight}{13.59999pt}.
(fancyhdr)                You might also make \topmargin smaller:
(fancyhdr)                \addtolength{\topmargin}{-1.59999pt}.

[244]


Package fancyhdr Warning: \headheight is too small (12.0pt): 
(fancyhdr)                Make it at least 13.59999pt, for example:
(fancyhdr)                \setlength{\headheight}{13.59999pt}.
(fancyhdr)                You might also make \topmargin smaller:
(fancyhdr)                \addtolength{\topmargin}{-1.59999pt}.

[245]
Overfull \hbox (11.3675pt too wide) in paragraph at lines 9774--9780
[]\T1/ppl/m/n/10.95 The Bat-tle of the Float-ing Mar-kets was tac-ti-cally inco
nclusive---
 []


Overfull \hbox (7.55106pt too wide) in paragraph at lines 9774--9780
\T1/ppl/m/n/10.95 no fac-tion achieved a de-ci-sive victory---but strate-gi-cal
ly it demon-
 []


Overfull \hbox (4.29391pt too wide) in paragraph at lines 9781--9787
[]\T1/ppl/m/n/10.95 In the af-ter-math of the bat-tle, sev-eral smaller con-fli
cts erupted
 []




Package fancyhdr Warning: \headheight is too small (12.0pt): 
(fancyhdr)                Make it at least 13.59999pt, for example:
(fancyhdr)                \setlength{\headheight}{13.59999pt}.
(fancyhdr)                You might also make \topmargin smaller:
(fancyhdr)                \addtolength{\topmargin}{-1.59999pt}.

[246]
Overfull \hbox (13.66135pt too wide) in paragraph at lines 9819--9828
\T1/ppl/m/n/10.95 their la-bor and their hopes in com-mer-cial en-ter-prises th
at promised
 []


Underfull \vbox (badness 1448) has occurred while \output is active []




Package fancyhdr Warning: \headheight is too small (12.0pt): 
(fancyhdr)                Make it at least 13.59999pt, for example:
(fancyhdr)                \setlength{\headheight}{13.59999pt}.
(fancyhdr)                You might also make \topmargin smaller:
(fancyhdr)                \addtolength{\topmargin}{-1.59999pt}.

[247]
Overfull \hbox (3.11205pt too wide) in paragraph at lines 9871--9876
[]\T1/ppl/m/n/10.95 Chief Mag-is-trate Al-dara had dis-cov-ered the Fifth Ledge
r dur-
 []


Overfull \hbox (9.18889pt too wide) in paragraph at lines 9877--9883
[]\T1/ppl/m/n/10.95 The ev-i-dence doc-u-mented in the Fifth Ledger in-cluded r
ecords
 []


Overfull \hbox (0.2696pt too wide) in paragraph at lines 9877--9883
\T1/ppl/m/n/10.95 ral naval re-sources to pro-tect pri-vate com-mer-cial ven-tu
res rather
 []




Package fancyhdr Warning: \headheight is too small (12.0pt): 
(fancyhdr)                Make it at least 13.59999pt, for example:
(fancyhdr)                \setlength{\headheight}{13.59999pt}.
(fancyhdr)                You might also make \topmargin smaller:
(fancyhdr)                \addtolength{\topmargin}{-1.59999pt}.

[248]
Overfull \hbox (3.418pt too wide) in paragraph at lines 9908--9915
[]\T1/ppl/m/n/10.95 However, the le-gal rev-o-lu-tion faced im-me-di-ate prac-t
i-cal chal-
 []




Package fancyhdr Warning: \headheight is too small (12.0pt): 
(fancyhdr)                Make it at least 13.59999pt, for example:
(fancyhdr)                \setlength{\headheight}{13.59999pt}.
(fancyhdr)                You might also make \topmargin smaller:
(fancyhdr)                \addtolength{\topmargin}{-1.59999pt}.

[249]
Overfull \hbox (5.76718pt too wide) in paragraph at lines 9941--9950
\T1/ppl/m/it/10.95 served the pro-ceed-ings of Emer-gency Tri-bunal Seven, whic
h
 []


Overfull \hbox (27.19518pt too wide) in paragraph at lines 9952--9958
\T1/ppl/m/n/10.95 tween com-pet-ing au-thor-i-ties when they fo-cused on prac-t
i-cal problem-
 []




Package fancyhdr Warning: \headheight is too small (12.0pt): 
(fancyhdr)                Make it at least 13.59999pt, for example:
(fancyhdr)                \setlength{\headheight}{13.59999pt}.
(fancyhdr)                You might also make \topmargin smaller:
(fancyhdr)                \addtolength{\topmargin}{-1.59999pt}.

[250]


Package fancyhdr Warning: \headheight is too small (12.0pt): 
(fancyhdr)                Make it at least 13.59999pt, for example:
(fancyhdr)                \setlength{\headheight}{13.59999pt}.
(fancyhdr)                You might also make \topmargin smaller:
(fancyhdr)                \addtolength{\topmargin}{-1.59999pt}.

[251]


Package fancyhdr Warning: \headheight is too small (12.0pt): 
(fancyhdr)                Make it at least 13.59999pt, for example:
(fancyhdr)                \setlength{\headheight}{13.59999pt}.
(fancyhdr)                You might also make \topmargin smaller:
(fancyhdr)                \addtolength{\topmargin}{-1.59999pt}.

[252]


Package fancyhdr Warning: \headheight is too small (12.0pt): 
(fancyhdr)                Make it at least 13.59999pt, for example:
(fancyhdr)                \setlength{\headheight}{13.59999pt}.
(fancyhdr)                You might also make \topmargin smaller:
(fancyhdr)                \addtolength{\topmargin}{-1.59999pt}.

[253]


Package fancyhdr Warning: \headheight is too small (12.0pt): 
(fancyhdr)                Make it at least 13.59999pt, for example:
(fancyhdr)                \setlength{\headheight}{13.59999pt}.
(fancyhdr)                You might also make \topmargin smaller:
(fancyhdr)                \addtolength{\topmargin}{-1.59999pt}.

[254]
Overfull \hbox (8.98586pt too wide) in paragraph at lines 10141--10147
\T1/ppl/m/n/10.95 Cri-sis rep-re-sented a fun-da-men-tal in-no-va-tion in mar-i
time ju-rispru-
 []


Overfull \hbox (3.05037pt too wide) in paragraph at lines 10148--10154
\T1/ppl/m/n/10.95 This prin-ci-ple chal-lenged tra-di-tional con-cepts of sover
eignty that
 []


Overfull \hbox (8.52554pt too wide) in paragraph at lines 10164--10171
\T1/ppl/m/it/10.95 quire-ments for im-par-tial ar-bi-tra-tors, and en-force-men
t mech-
 []




Package fancyhdr Warning: \headheight is too small (12.0pt): 
(fancyhdr)                Make it at least 13.59999pt, for example:
(fancyhdr)                \setlength{\headheight}{13.59999pt}.
(fancyhdr)                You might also make \topmargin smaller:
(fancyhdr)                \addtolength{\topmargin}{-1.59999pt}.

[255]
Overfull \hbox (2.65678pt too wide) in paragraph at lines 10205--10213
\T1/ppl/m/it/10.95 learned nav-i-ga-tion tech-niques from North-ern sea-captain
s,
 []


Overfull \hbox (9.28186pt too wide) in paragraph at lines 10205--10213
\T1/ppl/m/it/10.95 academy cre-ated cul-tural syn-the-sis op-por-tu-ni-ties tha
t would
 []




Package fancyhdr Warning: \headheight is too small (12.0pt): 
(fancyhdr)                Make it at least 13.59999pt, for example:
(fancyhdr)                \setlength{\headheight}{13.59999pt}.
(fancyhdr)                You might also make \topmargin smaller:
(fancyhdr)                \addtolength{\topmargin}{-1.59999pt}.

[256]
Overfull \hbox (2.68922pt too wide) in paragraph at lines 10230--10238
\T1/ppl/m/n/10.95 ser-vices that en-abled com-plex in-ter-na-tional trad-ing re
-la-tion-ships
 []




Package fancyhdr Warning: \headheight is too small (12.0pt): 
(fancyhdr)                Make it at least 13.59999pt, for example:
(fancyhdr)                \setlength{\headheight}{13.59999pt}.
(fancyhdr)                You might also make \topmargin smaller:
(fancyhdr)                \addtolength{\topmargin}{-1.59999pt}.

[257]
Overfull \hbox (7.34424pt too wide) in paragraph at lines 10246--10253
[]\T1/ppl/m/it/10.95 [Canon: FE-SA-B2-ANN-200 | Year: SA 403] Harbor-
 []


Overfull \hbox (2.24033pt too wide) in paragraph at lines 10255--10261
\T1/ppl/m/n/10.95 thor-i-ties found that the com-pet-i-tive mar-itime or-ga-ni-
za-tions were
 []


Overfull \hbox (4.6055pt too wide) in paragraph at lines 10255--10261
\T1/ppl/m/n/10.95 ea-ger to es-tab-lish re-la-tion-ships with lo-cal com-mu-ni-
ties that could
 []




Package fancyhdr Warning: \headheight is too small (12.0pt): 
(fancyhdr)                Make it at least 13.59999pt, for example:
(fancyhdr)                \setlength{\headheight}{13.59999pt}.
(fancyhdr)                You might also make \topmargin smaller:
(fancyhdr)                \addtolength{\topmargin}{-1.59999pt}.

[258]
Overfull \hbox (10.78122pt too wide) in paragraph at lines 10299--10306
\T1/ppl/m/n/10.95 o-ret-i-cal prin-ci-ples, em-pha-siz-ing gov-ern-men-tal ef-f
ec-tive-ness rather
 []


Overfull \hbox (17.36406pt too wide) in paragraph at lines 10312--10313
\T1/ppl/b/n/10.95 [Written by the Mar-itime Chron-i-cler of the In-de-pen-dent 
Archives,
 []


Overfull \hbox (9.3581pt too wide) in paragraph at lines 10314--10319
\T1/ppl/m/n/10.95 the most com-plex ex-am-ples of po-lit-i-cal trans-for-ma-tio
n in recorded
 []


Overfull \hbox (11.34036pt too wide) in paragraph at lines 10320--10326
\T1/ppl/m/n/10.95 dox-i-cal or-ga-ni-za-tions that com-bined crim-i-nal meth-od
s with demo-
 []




Package fancyhdr Warning: \headheight is too small (12.0pt): 
(fancyhdr)                Make it at least 13.59999pt, for example:
(fancyhdr)                \setlength{\headheight}{13.59999pt}.
(fancyhdr)                You might also make \topmargin smaller:
(fancyhdr)                \addtolength{\topmargin}{-1.59999pt}.

[259]
Overfull \hbox (17.78868pt too wide) in paragraph at lines 10327--10334
\T1/ppl/m/n/10.95 prece-dent, le-gal au-thor-ity, mil-i-tary power, in-sti-tu-t
ional continuity---
 []


Overfull \hbox (4.79153pt too wide) in paragraph at lines 10355--10362
\T1/ppl/m/n/10.95 con-sti-tu-tional in-no-va-tions de-vel-oped dur-ing the cri-
sis in-flu-enced
 []




Package fancyhdr Warning: \headheight is too small (12.0pt): 
(fancyhdr)                Make it at least 13.59999pt, for example:
(fancyhdr)                \setlength{\headheight}{13.59999pt}.
(fancyhdr)                You might also make \topmargin smaller:
(fancyhdr)                \addtolength{\topmargin}{-1.59999pt}.

[260]
Overfull \hbox (2.5687pt too wide) in paragraph at lines 10372--10377
\T1/ppl/m/n/10.95 ne-go-ti-a-tions, but the demon-stra-tion that po-lit-i-cal i
n-no-va-tion was
 []




Package fancyhdr Warning: \headheight is too small (12.0pt): 
(fancyhdr)                Make it at least 13.59999pt, for example:
(fancyhdr)                \setlength{\headheight}{13.59999pt}.
(fancyhdr)                You might also make \topmargin smaller:
(fancyhdr)                \addtolength{\topmargin}{-1.59999pt}.

[261]
Overfull \hbox (0.14952pt too wide) in paragraph at lines 10426--10434
\T1/ppl/m/it/10.95 be-ing ap-plied to re-solve po-lit-i-cal con-flicts in king-
doms that
 []


Overfull \hbox (3.71036pt too wide) in paragraph at lines 10442--10442
[]\T1/ppl/b/n/12 Annalist\TS1/ppl/b/n/12 '\T1/ppl/b/n/12 s Com-men-tary: The Ev
o-lu-tion of Piracy 
 []




Package fancyhdr Warning: \headheight is too small (12.0pt): 
(fancyhdr)                Make it at least 13.59999pt, for example:
(fancyhdr)                \setlength{\headheight}{13.59999pt}.
(fancyhdr)                You might also make \topmargin smaller:
(fancyhdr)                \addtolength{\topmargin}{-1.59999pt}.

[262]
Overfull \hbox (0.23718pt too wide) in paragraph at lines 10465--10472
\T1/ppl/m/n/10.95 as a re-sponse to gov-ern-men-tal fail-ure rather than as sim
-ple crim-
 []




Package fancyhdr Warning: \headheight is too small (12.0pt): 
(fancyhdr)                Make it at least 13.59999pt, for example:
(fancyhdr)                \setlength{\headheight}{13.59999pt}.
(fancyhdr)                You might also make \topmargin smaller:
(fancyhdr)                \addtolength{\topmargin}{-1.59999pt}.

[263]
Overfull \hbox (13.56873pt too wide) in paragraph at lines 10501--10505
[]\T1/ppl/m/n/10.95 Perhaps this is why their al-ter-na-tive form of gov-er-nan
ce proved
 []


Overfull \hbox (2.05403pt too wide) in paragraph at lines 10501--10505
\T1/ppl/m/n/10.95 more ef-fec-tive than the bu-reau-cratic in-sti-tu-tions they
 chal-lenged.
 []




Package fancyhdr Warning: \headheight is too small (12.0pt): 
(fancyhdr)                Make it at least 13.59999pt, for example:
(fancyhdr)                \setlength{\headheight}{13.59999pt}.
(fancyhdr)                You might also make \topmargin smaller:
(fancyhdr)                \addtolength{\topmargin}{-1.59999pt}.

[264]
Chapter 2.

Overfull \hbox (7.83626pt too wide) in paragraph at lines 10520--10530
\T1/ppl/m/n/10.95 The Treaty of the Silent Bells was signed at mid-night in the
 harbor-
 []


Overfull \hbox (5.54778pt too wide) in paragraph at lines 10520--10530
\T1/ppl/m/n/10.95 master\TS1/ppl/m/n/10.95 '\T1/ppl/m/n/10.95 s of-fice of Cres
-cent Har-bor, its clauses writ-ten in ink mixed
 []


Overfull \hbox (12.34789pt too wide) in paragraph at lines 10520--10530
\T1/ppl/m/n/10.95 with salt wa-ter and wit-nessed only by the har-bor cats who 
prowled
 []


Overfull \hbox (1.29912pt too wide) in paragraph at lines 10532--10540
\T1/ppl/m/it/10.95 ern Har-bor Al-liance, the East-ern Trade Con-fed-er-a-tion,
 and
 []


Overfull \hbox (19.0268pt too wide) in paragraph at lines 10532--10540
\T1/ppl/m/it/10.95 main-tain au-tonomous gov-er-nance within its ter-ri-to-rial
 bound-
 []


Overfull \hbox (7.35399pt too wide) in paragraph at lines 10542--10549
\T1/ppl/m/n/10.95 me-di-ately published---but be-cause it for-mal-ized po-lit-i
-cal ar-range-
 []



[265

]
Overfull \hbox (6.68596pt too wide) in paragraph at lines 10553--10559
\T1/ppl/m/n/10.95 The in-sti-tu-tional frame-work es-tab-lished by the Treaty o
f the Silent
 []


Overfull \hbox (3.09448pt too wide) in paragraph at lines 10553--10559
\T1/ppl/m/n/10.95 tion that aban-doned the tra-di-tional prin-ci-ple of uni-fie
d sovereign
 []


Overfull \hbox (0.52171pt too wide) in paragraph at lines 10569--10577
\T1/ppl/m/n/10.95 dis-pens-able for man-ag-ing the com-plex com-mer-cial re-la-
tion-ships
 []


Overfull \hbox (8.22981pt too wide) in paragraph at lines 10584--10590
\T1/ppl/m/n/10.95 mu-ni-ties that had main-tained tra-di-tional mar-itime ac-ti
v-i-ties while
 []


Overfull \hbox (3.10582pt too wide) in paragraph at lines 10584--10590
\T1/ppl/m/n/10.95 adapt-ing to the changes brought by com-mer-cial ex-pan-sion.
 Their
 []




Package fancyhdr Warning: \headheight is too small (12.0pt): 
(fancyhdr)                Make it at least 13.59999pt, for example:
(fancyhdr)                \setlength{\headheight}{13.59999pt}.
(fancyhdr)                You might also make \topmargin smaller:
(fancyhdr)                \addtolength{\topmargin}{-1.59999pt}.

[266]
Overfull \hbox (1.37524pt too wide) in paragraph at lines 10602--10608
\T1/ppl/m/n/10.95 ef-fec-tive at im-prov-ing the qual-ity of gov-ern-men-tal se
r-vices. Ship
 []


Overfull \hbox (0.40074pt too wide) in paragraph at lines 10609--10618
\T1/ppl/m/n/10.95 rou-tine. The South-ern Al-liance cre-ated diplo-matic pro-to
-cols that
 []


Overfull \hbox (1.44159pt too wide) in paragraph at lines 10609--10618
\T1/ppl/m/n/10.95 cul-tural back-grounds dif-fered dra-mat-i-cally from lo-cal 
tra-di-tions. 
 []




Package fancyhdr Warning: \headheight is too small (12.0pt): 
(fancyhdr)                Make it at least 13.59999pt, for example:
(fancyhdr)                \setlength{\headheight}{13.59999pt}.
(fancyhdr)                You might also make \topmargin smaller:
(fancyhdr)                \addtolength{\topmargin}{-1.59999pt}.

[267]
Overfull \hbox (4.23969pt too wide) in paragraph at lines 10639--10645
[]\T1/ppl/m/n/10.95 Master Ne-go-tia-tor Ald-win Bridge-maker, whose ex-per-tis
e had
 []


Overfull \hbox (5.96347pt too wide) in paragraph at lines 10639--10645
\T1/ppl/m/n/10.95 been de-vel-oped through years of ex-pe-ri-ence in in-ter-na-
tional com-
 []




Package fancyhdr Warning: \headheight is too small (12.0pt): 
(fancyhdr)                Make it at least 13.59999pt, for example:
(fancyhdr)                \setlength{\headheight}{13.59999pt}.
(fancyhdr)                You might also make \topmargin smaller:
(fancyhdr)                \addtolength{\topmargin}{-1.59999pt}.

[268]
Overfull \hbox (1.85718pt too wide) in paragraph at lines 10679--10687
\T1/ppl/m/n/10.95 ex-ter-nal threats to ex-ploit tem-po-rary ad-min-is-tra-tive
 weak-nesses. 
 []


Overfull \hbox (4.84155pt too wide) in paragraph at lines 10696--10703
[]\T1/ppl/m/n/10.95 The South-ern Har-bor Al-liance en-coun-tered sim-i-lar cha
l-lenges
 []


Overfull \hbox (3.72984pt too wide) in paragraph at lines 10696--10703
\T1/ppl/m/n/10.95 re-quired so-phis-ti-cated diplo-matic and com-mer-cial ex-pe
r-tise. The
 []




Package fancyhdr Warning: \headheight is too small (12.0pt): 
(fancyhdr)                Make it at least 13.59999pt, for example:
(fancyhdr)                \setlength{\headheight}{13.59999pt}.
(fancyhdr)                You might also make \topmargin smaller:
(fancyhdr)                \addtolength{\topmargin}{-1.59999pt}.

[269]
Overfull \hbox (1.44121pt too wide) in paragraph at lines 10705--10713
\T1/ppl/m/it/10.95 mi-ral Ko-r-vain Ice-breaker of the North-ern Mar-itime Leag
ue
 []


Overfull \hbox (2.52605pt too wide) in paragraph at lines 10705--10713
\T1/ppl/m/it/10.95 in-de-pen-dent trad-ing agree-ments with five Arc-tic king-d
oms
 []


Overfull \hbox (4.08292pt too wide) in paragraph at lines 10724--10724
[]\T1/ppl/b/n/12 Sub-Chapter: The De-vel-op-ment of Inter-Entity Re-
 []


Overfull \hbox (3.182pt too wide) in paragraph at lines 10733--10742
\T1/ppl/m/n/10.95 mer-cial poli-cies that fa-cil-i-tated trade re-la-tion-ships
 span-ning mul-
 []




Package fancyhdr Warning: \headheight is too small (12.0pt): 
(fancyhdr)                Make it at least 13.59999pt, for example:
(fancyhdr)                \setlength{\headheight}{13.59999pt}.
(fancyhdr)                You might also make \topmargin smaller:
(fancyhdr)                \addtolength{\topmargin}{-1.59999pt}.

[270]
Overfull \hbox (1.56177pt too wide) in paragraph at lines 10743--10752
\T1/ppl/m/n/10.95 quired ex-ten-sive con-sul-ta-tion and consensus-building. Th
e East-
 []


Overfull \hbox (2.21872pt too wide) in paragraph at lines 10743--10752
\T1/ppl/m/n/10.95 ern Con-fed-er-a-tion op-er-ated ac-cord-ing to fi-nan-cial p
rin-ci-ples that
 []


Overfull \hbox (0.70827pt too wide) in paragraph at lines 10754--10762
[]\T1/ppl/m/it/10.95 [Canon: FE-SA-B2-WIT-118 | Year: SA 415] I served
 []


Overfull \hbox (11.52625pt too wide) in paragraph at lines 10754--10762
\T1/ppl/m/it/10.95 as a li-ai-son of-fi-cer dur-ing the joint North-ern League-
Western
 []


Overfull \hbox (9.54388pt too wide) in paragraph at lines 10764--10772
\T1/ppl/m/n/10.95 each en-tity rec-og-nized that their spe-cial-ized ca-pa-bil-
i-ties de-pended
 []




Package fancyhdr Warning: \headheight is too small (12.0pt): 
(fancyhdr)                Make it at least 13.59999pt, for example:
(fancyhdr)                \setlength{\headheight}{13.59999pt}.
(fancyhdr)                You might also make \topmargin smaller:
(fancyhdr)                \addtolength{\topmargin}{-1.59999pt}.

[271]
Overfull \hbox (1.19997pt too wide) in paragraph at lines 10793--10798
\T1/ppl/m/n/10.95 new pos-si-bil-i-ties for in-ter-na-tional trade that rev-o-l
u-tion-ized com-
 []


Overfull \hbox (0.70827pt too wide) in paragraph at lines 10800--10808
[]\T1/ppl/m/it/10.95 [Canon: FE-SA-B2-WIT-115 | Year: SA 415] I served
 []


Overfull \hbox (6.17773pt too wide) in paragraph at lines 10810--10815
[]\T1/ppl/m/n/10.95 The West-ern Fish-ing Com-pact de-vel-oped sus-tain-able re
-source
 []




Package fancyhdr Warning: \headheight is too small (12.0pt): 
(fancyhdr)                Make it at least 13.59999pt, for example:
(fancyhdr)                \setlength{\headheight}{13.59999pt}.
(fancyhdr)                You might also make \topmargin smaller:
(fancyhdr)                \addtolength{\topmargin}{-1.59999pt}.

[272]
Overfull \hbox (4.36525pt too wide) in paragraph at lines 10846--10852
\T1/ppl/m/n/10.95 Ad-mi-ral sys-tem. Their credit in-stru-ments and in-sur-ance
 ar-range-
 []


Overfull \hbox (6.30331pt too wide) in paragraph at lines 10846--10852
\T1/ppl/m/n/10.95 ments re-duced the risks as-so-ci-ated with long-distance tra
de while
 []


Overfull \hbox (5.91992pt too wide) in paragraph at lines 10853--10859
\T1/ppl/m/n/10.95 age-ment tech-niques en-sured that the ma-rine en-vi-ron-men-
tal foun-
 []


Overfull \hbox (6.69751pt too wide) in paragraph at lines 10861--10869
\T1/ppl/m/it/10.95 re-quir-ing gov-ern-men-tal in-ter-ven-tion had de-creased b
y sixty
 []


Overfull \hbox (1.45251pt too wide) in paragraph at lines 10861--10869
\T1/ppl/m/it/10.95 der-stand com-mer-cial prob-lems bet-ter and can pro-vide mo
re
 []




Package fancyhdr Warning: \headheight is too small (12.0pt): 
(fancyhdr)                Make it at least 13.59999pt, for example:
(fancyhdr)                \setlength{\headheight}{13.59999pt}.
(fancyhdr)                You might also make \topmargin smaller:
(fancyhdr)                \addtolength{\topmargin}{-1.59999pt}.

[273]
Overfull \hbox (1.09644pt too wide) in paragraph at lines 10871--10877
[]\T1/ppl/m/n/10.95 The eco-nomic in-te-gra-tion achieved through the par-ti-ti
on sys-
 []


Overfull \hbox (0.4125pt too wide) in paragraph at lines 10871--10877
\T1/ppl/m/n/10.95 tem proved more durable and more ben-e-fi-cial than the eco-n
omic
 []


Overfull \hbox (0.533pt too wide) in paragraph at lines 10898--10904
\T1/ppl/m/it/10.95 Bells. Twelve chil-dren be-tween the ages of eight and twelv
e
 []


Overfull \hbox (2.12053pt too wide) in paragraph at lines 10898--10904
\T1/ppl/m/it/10.95 were trans-ported to their host ter-ri-to-ries, where they w
ould
 []




Package fancyhdr Warning: \headheight is too small (12.0pt): 
(fancyhdr)                Make it at least 13.59999pt, for example:
(fancyhdr)                \setlength{\headheight}{13.59999pt}.
(fancyhdr)                You might also make \topmargin smaller:
(fancyhdr)                \addtolength{\topmargin}{-1.59999pt}.

[274]
Overfull \hbox (8.32901pt too wide) in paragraph at lines 10906--10912
\T1/ppl/m/n/10.95 the prob-lems that had char-ac-ter-ized sim-i-lar ar-range-me
nts in other
 []


Overfull \hbox (1.19997pt too wide) in paragraph at lines 10924--10929
\T1/ppl/m/n/10.95 new pos-si-bil-i-ties for in-ter-na-tional trade that rev-o-l
u-tion-ized com-
 []


Overfull \hbox (6.17773pt too wide) in paragraph at lines 10930--10935
[]\T1/ppl/m/n/10.95 The West-ern Fish-ing Com-pact de-vel-oped sus-tain-able re
-source
 []


Overfull \hbox (0.70827pt too wide) in paragraph at lines 10937--10945
[]\T1/ppl/m/it/10.95 [Canon: FE-SA-B2-WIT-115 | Year: SA 415] I served
 []




Package fancyhdr Warning: \headheight is too small (12.0pt): 
(fancyhdr)                Make it at least 13.59999pt, for example:
(fancyhdr)                \setlength{\headheight}{13.59999pt}.
(fancyhdr)                You might also make \topmargin smaller:
(fancyhdr)                \addtolength{\topmargin}{-1.59999pt}.

[275]
Overfull \hbox (0.63106pt too wide) in paragraph at lines 10957--10962
\T1/ppl/m/n/10.95 lems re-quir-ing co-op-er-a-tion among the spe-cial-ized gov-
ern-ing en-
 []


Overfull \hbox (4.354pt too wide) in paragraph at lines 10963--10968
\T1/ppl/m/n/10.95 Coun-cil could is-sue rec-om-men-da-tions and fa-cil-i-tate n
e-go-ti-a-tions,
 []


Overfull \hbox (22.15872pt too wide) in paragraph at lines 10970--10977
\T1/ppl/m/it/10.95 by in-di-vid-ual gov-ern-ing en-ti-ties through their nor-ma
l decision-
 []




Package fancyhdr Warning: \headheight is too small (12.0pt): 
(fancyhdr)                Make it at least 13.59999pt, for example:
(fancyhdr)                \setlength{\headheight}{13.59999pt}.
(fancyhdr)                You might also make \topmargin smaller:
(fancyhdr)                \addtolength{\topmargin}{-1.59999pt}.

[276]
Overfull \hbox (4.36525pt too wide) in paragraph at lines 11004--11010
\T1/ppl/m/n/10.95 Ad-mi-ral sys-tem. Their credit in-stru-ments and in-sur-ance
 ar-range-
 []


Overfull \hbox (6.30331pt too wide) in paragraph at lines 11004--11010
\T1/ppl/m/n/10.95 ments re-duced the risks as-so-ci-ated with long-distance tra
de while
 []


Overfull \hbox (6.69751pt too wide) in paragraph at lines 11012--11020
\T1/ppl/m/it/10.95 re-quir-ing gov-ern-men-tal in-ter-ven-tion had de-creased b
y sixty
 []


Overfull \hbox (1.45251pt too wide) in paragraph at lines 11012--11020
\T1/ppl/m/it/10.95 der-stand com-mer-cial prob-lems bet-ter and can pro-vide mo
re
 []




Package fancyhdr Warning: \headheight is too small (12.0pt): 
(fancyhdr)                Make it at least 13.59999pt, for example:
(fancyhdr)                \setlength{\headheight}{13.59999pt}.
(fancyhdr)                You might also make \topmargin smaller:
(fancyhdr)                \addtolength{\topmargin}{-1.59999pt}.

[277]
Overfull \hbox (1.09644pt too wide) in paragraph at lines 11022--11026
[]\T1/ppl/m/n/10.95 The eco-nomic in-te-gra-tion achieved through the par-ti-ti
on sys-
 []


Overfull \hbox (0.4125pt too wide) in paragraph at lines 11022--11026
\T1/ppl/m/n/10.95 tem proved more durable and more ben-e-fi-cial than the eco-n
omic
 []


Overfull \hbox (0.69655pt too wide) in paragraph at lines 11046--11055
\T1/ppl/m/it/10.95 ers from all four gov-ern-ing en-ti-ties demon-strated the a
rtis-
 []


Overfull \hbox (6.3418pt too wide) in paragraph at lines 11057--11061
[]\T1/ppl/m/n/10.95 The cul-tural re-nais-sance was not merely dec-o-ra-tive bu
t served
 []




Package fancyhdr Warning: \headheight is too small (12.0pt): 
(fancyhdr)                Make it at least 13.59999pt, for example:
(fancyhdr)                \setlength{\headheight}{13.59999pt}.
(fancyhdr)                You might also make \topmargin smaller:
(fancyhdr)                \addtolength{\topmargin}{-1.59999pt}.

[278]
Overfull \hbox (1.07555pt too wide) in paragraph at lines 11081--11088
[]\T1/ppl/m/n/10.95 Elena East-wa-ter, who had been ed-u-cated in the West-ern 
Fish-
 []




Package fancyhdr Warning: \headheight is too small (12.0pt): 
(fancyhdr)                Make it at least 13.59999pt, for example:
(fancyhdr)                \setlength{\headheight}{13.59999pt}.
(fancyhdr)                You might also make \topmargin smaller:
(fancyhdr)                \addtolength{\topmargin}{-1.59999pt}.

[279]
Overfull \hbox (15.43024pt too wide) in paragraph at lines 11101--11104
[]\T1/ppl/m/n/10.95 The suc-cess of the sec-ond gen-er-a-tion val-i-dated the c
hild hostage
 []


Overfull \hbox (6.5771pt too wide) in paragraph at lines 11107--11115
\T1/ppl/m/n/10.95 do-mains, but there was no over-ar-ch-ing au-thor-ity that co
uld speak
 []


Overfull \hbox (2.8753pt too wide) in paragraph at lines 11116--11124
\T1/ppl/m/n/10.95 in-di-vid-ual gov-ern-ing en-ti-ties rather than ne-go-ti-at-
ing agree-ments
 []


Overfull \hbox (4.13522pt too wide) in paragraph at lines 11126--11133
\T1/ppl/m/it/10.95 are pre-pared to of-fer ex-tremely fa-vor-able terms to whic
hever
 []




Package fancyhdr Warning: \headheight is too small (12.0pt): 
(fancyhdr)                Make it at least 13.59999pt, for example:
(fancyhdr)                \setlength{\headheight}{13.59999pt}.
(fancyhdr)                You might also make \topmargin smaller:
(fancyhdr)                \addtolength{\topmargin}{-1.59999pt}.

[280]


Package fancyhdr Warning: \headheight is too small (12.0pt): 
(fancyhdr)                Make it at least 13.59999pt, for example:
(fancyhdr)                \setlength{\headheight}{13.59999pt}.
(fancyhdr)                You might also make \topmargin smaller:
(fancyhdr)                \addtolength{\topmargin}{-1.59999pt}.

[281]
Overfull \hbox (3.43414pt too wide) in paragraph at lines 11199--11206
\T1/ppl/m/it/10.95 time I was eigh-teen and ready to re-turn to North-ern Leagu
e
 []


Overfull \hbox (12.41333pt too wide) in paragraph at lines 11199--11206
\T1/ppl/m/it/10.95 niques and had es-tab-lished per-sonal re-la-tion-ships with
 young
 []




Package fancyhdr Warning: \headheight is too small (12.0pt): 
(fancyhdr)                Make it at least 13.59999pt, for example:
(fancyhdr)                \setlength{\headheight}{13.59999pt}.
(fancyhdr)                You might also make \topmargin smaller:
(fancyhdr)                \addtolength{\topmargin}{-1.59999pt}.

[282]
Overfull \hbox (9.17258pt too wide) in paragraph at lines 11222--11225
[]\T1/ppl/m/it/10.95 First: Each gov-ern-ing en-tity shall main-tain au-tonomou
s
 []


Overfull \hbox (2.06618pt too wide) in paragraph at lines 11231--11234
[]\T1/ppl/m/it/10.95 Third: The Rec-on-cil-i-a-tion Pro-to-cols shall pro-vide 
bind-
 []


Overfull \hbox (9.18343pt too wide) in paragraph at lines 11235--11239
[]\T1/ppl/m/it/10.95 Fourth: This Con-sti-tu-tional Set-tle-ment may be amended

 []


Overfull \hbox (2.63521pt too wide) in paragraph at lines 11240--11244
\T1/ppl/m/it/10.95 lit-i-cal com-mu-nity that is or-ga-nized ac-cord-ing to fun
c-tional
 []


Underfull \vbox (badness 10000) has occurred while \output is active []




Package fancyhdr Warning: \headheight is too small (12.0pt): 
(fancyhdr)                Make it at least 13.59999pt, for example:
(fancyhdr)                \setlength{\headheight}{13.59999pt}.
(fancyhdr)                You might also make \topmargin smaller:
(fancyhdr)                \addtolength{\topmargin}{-1.59999pt}.

[283]
Overfull \hbox (1.56172pt too wide) in paragraph at lines 11257--11263
\T1/ppl/m/n/10.95 most sig-nif-i-cant in-no-va-tions in po-lit-i-cal or-ga-ni-z
a-tion in recorded
 []


Overfull \hbox (13.825pt too wide) in paragraph at lines 11257--11263
\T1/ppl/m/n/10.95 demo-cratic ac-count-abil-ity, re-gional au-ton-omy with col-
lec-tive unity,
 []


Overfull \hbox (8.9198pt too wide) in paragraph at lines 11271--11277
\T1/ppl/m/n/10.95 in-no-va-tion by cre-at-ing per-sonal re-la-tion-ships that p
re-vented func-
 []


Overfull \hbox (5.15866pt too wide) in paragraph at lines 11278--11282
[]\T1/ppl/m/n/10.95 The Rec-on-cil-i-a-tion Pro-to-cols pro-vided the in-sti-tu
-tional frame-
 []


Overfull \hbox (1.76434pt too wide) in paragraph at lines 11283--11289
[]\T1/ppl/m/n/10.95 Most sig-nif-i-cantly, the mar-itime ter-ri-to-ries demon-s
trated that
 []


Overfull \hbox (0.10527pt too wide) in paragraph at lines 11283--11289
\T1/ppl/m/n/10.95 and po-lit-i-cal sta-bil-ity while main-tain-ing in-di-vid-ua
l free-dom and
 []


Overfull \hbox (5.4875pt too wide) in paragraph at lines 11290--11297
[]\T1/ppl/m/n/10.95 The par-ti-tion was "quiet" not be-cause it was se-cre-tive
 or unim-
 []


Overfull \hbox (9.79596pt too wide) in paragraph at lines 11290--11297
\T1/ppl/m/n/10.95 re-sented a rev-o-lu-tion-ary ad-vance in po-lit-i-cal think-
ing that showed
 []




Package fancyhdr Warning: \headheight is too small (12.0pt): 
(fancyhdr)                Make it at least 13.59999pt, for example:
(fancyhdr)                \setlength{\headheight}{13.59999pt}.
(fancyhdr)                You might also make \topmargin smaller:
(fancyhdr)                \addtolength{\topmargin}{-1.59999pt}.

[284]
Overfull \hbox (2.62457pt too wide) in paragraph at lines 11310--11316
\T1/ppl/m/n/10.95 than they had ever been, wel-com-ing ships from king-doms who
se
 []


Overfull \hbox (2.59041pt too wide) in paragraph at lines 11324--11330
\T1/ppl/m/n/10.95 achieved with-out jus-tice, that po-lit-i-cal unity could be 
main-tained
 []


Overfull \hbox (3.29161pt too wide) in paragraph at lines 11331--11339
\T1/ppl/m/n/10.95 ap-peared no-ble, to cre-ate in-sti-tu-tions that solved prob
-lems rather
 []




Package fancyhdr Warning: \headheight is too small (12.0pt): 
(fancyhdr)                Make it at least 13.59999pt, for example:
(fancyhdr)                \setlength{\headheight}{13.59999pt}.
(fancyhdr)                You might also make \topmargin smaller:
(fancyhdr)                \addtolength{\topmargin}{-1.59999pt}.

[285]
Overfull \hbox (2.0107pt too wide) in paragraph at lines 11340--11349
\T1/ppl/m/n/10.95 ucts of spe-cial-ized man-u-fac-tur-ing and the prof-its of i
n-ter-na-tional
 []


Overfull \hbox (0.54321pt too wide) in paragraph at lines 11372--11384
\T1/ppl/m/n/10.95 tion dis-cov-ered in the deep-est mines of the north-ern terr
itories---
 []




Package fancyhdr Warning: \headheight is too small (12.0pt): 
(fancyhdr)                Make it at least 13.59999pt, for example:
(fancyhdr)                \setlength{\headheight}{13.59999pt}.
(fancyhdr)                You might also make \topmargin smaller:
(fancyhdr)                \addtolength{\topmargin}{-1.59999pt}.

[286]
Overfull \hbox (1.66109pt too wide) in paragraph at lines 11385--11395
\T1/ppl/m/n/10.95 Iron-wood cut a fig-ure both de-fi-ant and des-per-ate, her m
er-chant\TS1/ppl/m/n/10.95 '\T1/ppl/m/n/10.95 s
 []


Overfull \hbox (17.93843pt too wide) in paragraph at lines 11400--11411
[]\T1/ppl/m/n/10.95 Judge Halim Salt-Tongue, whose name had been earned through

 []


Overfull \hbox (4.79245pt too wide) in paragraph at lines 11400--11411
\T1/ppl/m/n/10.95 baked south-ern ports where for-eign mer-chants waited with h
olds
 []


Overfull \hbox (2.05489pt too wide) in paragraph at lines 11412--11421
\T1/ppl/m/n/10.95 chalk pow-der, and other base sub-stances, thereby de-ceiv-in
g hon-
 []




Package fancyhdr Warning: \headheight is too small (12.0pt): 
(fancyhdr)                Make it at least 13.59999pt, for example:
(fancyhdr)                \setlength{\headheight}{13.59999pt}.
(fancyhdr)                You might also make \topmargin smaller:
(fancyhdr)                \addtolength{\topmargin}{-1.59999pt}.

[287]
Overfull \hbox (5.04375pt too wide) in paragraph at lines 11429--11436
[]\T1/ppl/m/it/10.95 I speak truth be-fore this court and be-fore the Salt Thro
ne
 []


Overfull \hbox (15.96114pt too wide) in paragraph at lines 11447--11453
[]\T1/ppl/m/it/10.95 I have brought with me sam-ples from my pri-vate reserve--
-
 []




Package fancyhdr Warning: \headheight is too small (12.0pt): 
(fancyhdr)                Make it at least 13.59999pt, for example:
(fancyhdr)                \setlength{\headheight}{13.59999pt}.
(fancyhdr)                You might also make \topmargin smaller:
(fancyhdr)                \addtolength{\topmargin}{-1.59999pt}.

[288]
Overfull \hbox (1.78163pt too wide) in paragraph at lines 11459--11469
\T1/ppl/m/n/10.95 cal-loused hands had loaded count-less bar-rels bear-ing Sera
\TS1/ppl/m/n/10.95 '\T1/ppl/m/n/10.95 s fam-
 []




Package fancyhdr Warning: \headheight is too small (12.0pt): 
(fancyhdr)                Make it at least 13.59999pt, for example:
(fancyhdr)                \setlength{\headheight}{13.59999pt}.
(fancyhdr)                You might also make \topmargin smaller:
(fancyhdr)                \addtolength{\topmargin}{-1.59999pt}.

[289]
Overfull \hbox (5.38383pt too wide) in paragraph at lines 11523--11532
\T1/ppl/m/n/10.95 dock work-ers who swore to her metic-u-lous care against the 
foren-
 []




Package fancyhdr Warning: \headheight is too small (12.0pt): 
(fancyhdr)                Make it at least 13.59999pt, for example:
(fancyhdr)                \setlength{\headheight}{13.59999pt}.
(fancyhdr)                You might also make \topmargin smaller:
(fancyhdr)                \addtolength{\topmargin}{-1.59999pt}.

[290]
Overfull \hbox (1.66035pt too wide) in paragraph at lines 11537--11546
\T1/ppl/m/n/10.95 fate of a sin-gle mer-chant to touch upon ques-tions that cha
l-lenged
 []




Package fancyhdr Warning: \headheight is too small (12.0pt): 
(fancyhdr)                Make it at least 13.59999pt, for example:
(fancyhdr)                \setlength{\headheight}{13.59999pt}.
(fancyhdr)                You might also make \topmargin smaller:
(fancyhdr)                \addtolength{\topmargin}{-1.59999pt}.

[291]


Package fancyhdr Warning: \headheight is too small (12.0pt): 
(fancyhdr)                Make it at least 13.59999pt, for example:
(fancyhdr)                \setlength{\headheight}{13.59999pt}.
(fancyhdr)                You might also make \topmargin smaller:
(fancyhdr)                \addtolength{\topmargin}{-1.59999pt}.

[292]
Overfull \hbox (0.40202pt too wide) in paragraph at lines 11642--11652
\T1/ppl/m/it/10.95 li-gence flow down to drown the hon-est ser-vants who main-
 []




Package fancyhdr Warning: \headheight is too small (12.0pt): 
(fancyhdr)                Make it at least 13.59999pt, for example:
(fancyhdr)                \setlength{\headheight}{13.59999pt}.
(fancyhdr)                You might also make \topmargin smaller:
(fancyhdr)                \addtolength{\topmargin}{-1.59999pt}.

[293]
Overfull \hbox (1.74953pt too wide) in paragraph at lines 11653--11661
[]\T1/ppl/m/it/10.95 Seven of my crew died that day---good men and women
 []




Package fancyhdr Warning: \headheight is too small (12.0pt): 
(fancyhdr)                Make it at least 13.59999pt, for example:
(fancyhdr)                \setlength{\headheight}{13.59999pt}.
(fancyhdr)                You might also make \topmargin smaller:
(fancyhdr)                \addtolength{\topmargin}{-1.59999pt}.

[294]
Overfull \hbox (13.0594pt too wide) in paragraph at lines 11690--11699
\T1/ppl/m/it/10.95 sels car-ry-ing cargo that rep-re-sented the fruits of corru
ption---
 []


Overfull \hbox (1.10191pt too wide) in paragraph at lines 11690--11699
\T1/ppl/m/it/10.95 to face court-martial for the crime of de-mand-ing ba-sic co
m-
 []

! Undefined control sequence.
<argument> \texorpdfstring 
                           {The Raid on the \textbf {Golden Prosperity}}{The...
l.11702 ...y}}{The Raid on the Golden Prosperity}}
                                                  \label{the-raid-on-the-gol...
The control sequence at the end of the top line
of your error message was never \def'ed. If you have
misspelled it (e.g., `\hobx'), type `I' and the correct
spelling (e.g., `I\hbox'). Otherwise just continue,
and I'll forget about whatever was undefined.

! Undefined control sequence.
<argument> ...tion\endcsname }\fi \texorpdfstring 
                                                  {The Raid on the \textbf {...
l.11702 ...y}}{The Raid on the Golden Prosperity}}
                                                  \label{the-raid-on-the-gol...
The control sequence at the end of the top line
of your error message was never \def'ed. If you have
misspelled it (e.g., `\hobx'), type `I' and the correct
spelling (e.g., `I\hbox'). Otherwise just continue,
and I'll forget about whatever was undefined.


Overfull \hbox (3.43518pt too wide) in paragraph at lines 11718--11727
[]\T1/ppl/m/it/10.95 The \T1/ppl/b/it/10.95 Golden Pros-per-ity \T1/ppl/m/it/10
.95 trav-eled un-der heavy escort---
 []




Package fancyhdr Warning: \headheight is too small (12.0pt): 
(fancyhdr)                Make it at least 13.59999pt, for example:
(fancyhdr)                \setlength{\headheight}{13.59999pt}.
(fancyhdr)                You might also make \topmargin smaller:
(fancyhdr)                \addtolength{\topmargin}{-1.59999pt}.

[295]
Overfull \hbox (5.70154pt too wide) in paragraph at lines 11756--11764
\T1/ppl/m/it/10.95 ev-ery-one is drown-ing does not make drown-ing acceptable--
-
 []




Package fancyhdr Warning: \headheight is too small (12.0pt): 
(fancyhdr)                Make it at least 13.59999pt, for example:
(fancyhdr)                \setlength{\headheight}{13.59999pt}.
(fancyhdr)                You might also make \topmargin smaller:
(fancyhdr)                \addtolength{\topmargin}{-1.59999pt}.

[296]
Overfull \hbox (4.20169pt too wide) in paragraph at lines 11783--11792
[]\T1/ppl/m/it/10.95 My ca-reer as a pi-rate lasted eight months, dur-ing which

 []


Overfull \hbox (7.63983pt too wide) in paragraph at lines 11793--11802
[]\T1/ppl/m/it/10.95 The end came when we were be-trayed by some-one within
 []


Overfull \hbox (5.35094pt too wide) in paragraph at lines 11793--11802
\T1/ppl/m/it/10.95 our own network---I have my sus-pi-cions about who, though
 []




Package fancyhdr Warning: \headheight is too small (12.0pt): 
(fancyhdr)                Make it at least 13.59999pt, for example:
(fancyhdr)                \setlength{\headheight}{13.59999pt}.
(fancyhdr)                You might also make \topmargin smaller:
(fancyhdr)                \addtolength{\topmargin}{-1.59999pt}.

[297]
Overfull \hbox (21.76086pt too wide) in paragraph at lines 11814--11814
[]\T1/ppl/b/n/14.4 Supplementary: The Coup of the Fifth Ledger 
 []




Package fancyhdr Warning: \headheight is too small (12.0pt): 
(fancyhdr)                Make it at least 13.59999pt, for example:
(fancyhdr)                \setlength{\headheight}{13.59999pt}.
(fancyhdr)                You might also make \topmargin smaller:
(fancyhdr)                \addtolength{\topmargin}{-1.59999pt}.

[298]
Overfull \hbox (6.82915pt too wide) in paragraph at lines 11845--11859
\T1/ppl/m/n/10.95 mate knowl-edge of the Ledger House\TS1/ppl/m/n/10.95 '\T1/pp
l/m/n/10.95 s se-cu-rity sys-tems stemmed
 []


Overfull \hbox (0.88353pt too wide) in paragraph at lines 11845--11859
\T1/ppl/m/n/10.95 Elena Shad-owfin-ger, whose crim-i-nal skills had been presse
d into
 []


Overfull \hbox (3.85625pt too wide) in paragraph at lines 11860--11869
[]\T1/ppl/m/n/10.95 Each con-spir-a-tor car-ried forged iden-ti-fi-ca-tion doc-
u-ments that
 []




Package fancyhdr Warning: \headheight is too small (12.0pt): 
(fancyhdr)                Make it at least 13.59999pt, for example:
(fancyhdr)                \setlength{\headheight}{13.59999pt}.
(fancyhdr)                You might also make \topmargin smaller:
(fancyhdr)                \addtolength{\topmargin}{-1.59999pt}.

[299]
Overfull \hbox (19.2734pt too wide) in paragraph at lines 11885--11894
[]\T1/ppl/m/n/10.95 Once in-side the outer perime-ter, the con-spir-a-tors move
d through
 []


Overfull \hbox (8.59186pt too wide) in paragraph at lines 11885--11894
\T1/ppl/m/n/10.95 con-ver-sa-tions about fam-ily and weather pro-vid-ing an iro
nic coun-
 []


Overfull \hbox (19.7386pt too wide) in paragraph at lines 11900--11911
\T1/ppl/m/n/10.95 over-come: Elena\TS1/ppl/m/n/10.95 '\T1/ppl/m/n/10.95 s lock-
pick-ing skills opened the outer door, Sergeant
 []


Overfull \hbox (5.85478pt too wide) in paragraph at lines 11900--11911
\T1/ppl/m/n/10.95 Iron-hand\TS1/ppl/m/n/10.95 '\T1/ppl/m/n/10.95 s care-fully s
haped charges breached the steel-reinforced
 []


Overfull \hbox (2.21898pt too wide) in paragraph at lines 11912--11921
\T1/ppl/m/n/10.95 dac-ity that even the con-spir-a-tors, who had ex-pected to f
ind proof
 []




Package fancyhdr Warning: \headheight is too small (12.0pt): 
(fancyhdr)                Make it at least 13.59999pt, for example:
(fancyhdr)                \setlength{\headheight}{13.59999pt}.
(fancyhdr)                You might also make \topmargin smaller:
(fancyhdr)                \addtolength{\topmargin}{-1.59999pt}.

[300]


Package fancyhdr Warning: \headheight is too small (12.0pt): 
(fancyhdr)                Make it at least 13.59999pt, for example:
(fancyhdr)                \setlength{\headheight}{13.59999pt}.
(fancyhdr)                You might also make \topmargin smaller:
(fancyhdr)                \addtolength{\topmargin}{-1.59999pt}.

[301]
Overfull \hbox (7.13022pt too wide) in paragraph at lines 11975--11984
[]\T1/ppl/m/n/10.95 The af-ter-math of the Fifth Ledger rev-e-la-tion trans-for
med Flag-
 []


Overfull \hbox (5.49297pt too wide) in paragraph at lines 11975--11984
\T1/ppl/m/n/10.95 for the ex-po-sure of naval cor-rup-tion cre-ated a prece-den
t for trans-
 []


Overfull \hbox (3.4843pt too wide) in paragraph at lines 11985--11994
[]\T1/ppl/m/n/10.95 Commander Alex-ius and his fel-low con-spir-a-tors found th
em-
 []


Underfull \vbox (badness 4378) has occurred while \output is active []




Package fancyhdr Warning: \headheight is too small (12.0pt): 
(fancyhdr)                Make it at least 13.59999pt, for example:
(fancyhdr)                \setlength{\headheight}{13.59999pt}.
(fancyhdr)                You might also make \topmargin smaller:
(fancyhdr)                \addtolength{\topmargin}{-1.59999pt}.

[302]
Overfull \hbox (1.54024pt too wide) in paragraph at lines 12014--12023
\T1/ppl/m/n/10.95 semi-autonomous re-gions whose loy-alty re-mained ques-tion-a
ble,
 []




Package fancyhdr Warning: \headheight is too small (12.0pt): 
(fancyhdr)                Make it at least 13.59999pt, for example:
(fancyhdr)                \setlength{\headheight}{13.59999pt}.
(fancyhdr)                You might also make \topmargin smaller:
(fancyhdr)                \addtolength{\topmargin}{-1.59999pt}.

[303]
Overfull \hbox (2.65578pt too wide) in paragraph at lines 12074--12083
\T1/ppl/m/n/10.95 the em-pire lived lives that bal-anced priv-i-lege with cap-t
iv-ity, their
 []


Overfull \hbox (2.37202pt too wide) in paragraph at lines 12074--12083
\T1/ppl/m/n/10.95 rial de-pend-ing upon po-lit-i-cal choices made by adults the
y would
 []




Package fancyhdr Warning: \headheight is too small (12.0pt): 
(fancyhdr)                Make it at least 13.59999pt, for example:
(fancyhdr)                \setlength{\headheight}{13.59999pt}.
(fancyhdr)                You might also make \topmargin smaller:
(fancyhdr)                \addtolength{\topmargin}{-1.59999pt}.

[304]
Overfull \hbox (7.01503pt too wide) in paragraph at lines 12084--12093
\T1/ppl/m/n/10.95 born, daugh-ter of a tribal chief-tain from the north-ern pea
ks whose
 []


Overfull \hbox (8.09901pt too wide) in paragraph at lines 12094--12103
\T1/ppl/m/n/10.95 de-voted her ca-reer to man-ag-ing these del-i-cate re-la-tio
n-ships, walk-
 []


Overfull \hbox (0.50629pt too wide) in paragraph at lines 12120--12130
[]\T1/ppl/m/n/10.95 Tam\TS1/ppl/m/n/10.95 '\T1/ppl/m/n/10.95 s clos-est friend 
be-came Mar-cus Iron-hold, son of the min-
 []




Package fancyhdr Warning: \headheight is too small (12.0pt): 
(fancyhdr)                Make it at least 13.59999pt, for example:
(fancyhdr)                \setlength{\headheight}{13.59999pt}.
(fancyhdr)                You might also make \topmargin smaller:
(fancyhdr)                \addtolength{\topmargin}{-1.59999pt}.

[305]
Overfull \hbox (7.79926pt too wide) in paragraph at lines 12156--12164
[]\T1/ppl/m/n/10.95 Tam watched from his win-dow as dark fig-ures moved through

 []


Overfull \hbox (9.6103pt too wide) in paragraph at lines 12156--12164
\T1/ppl/m/n/10.95 cue might ac-tu-ally be within reach, while Kira and Mar-cus 
pressed
 []


Overfull \hbox (6.28119pt too wide) in paragraph at lines 12156--12164
\T1/ppl/m/n/10.95 close be-side him in the shared recog-ni-tion that this mo-me
nt might
 []


Overfull \hbox (4.94522pt too wide) in paragraph at lines 12156--12164
\T1/ppl/m/n/10.95 rep-re-sent ei-ther de-liv-er-ance or dis-as-ter, de-pend-ing
 upon whether
 []




Package fancyhdr Warning: \headheight is too small (12.0pt): 
(fancyhdr)                Make it at least 13.59999pt, for example:
(fancyhdr)                \setlength{\headheight}{13.59999pt}.
(fancyhdr)                You might also make \topmargin smaller:
(fancyhdr)                \addtolength{\topmargin}{-1.59999pt}.

[306]


Package fancyhdr Warning: \headheight is too small (12.0pt): 
(fancyhdr)                Make it at least 13.59999pt, for example:
(fancyhdr)                \setlength{\headheight}{13.59999pt}.
(fancyhdr)                You might also make \topmargin smaller:
(fancyhdr)                \addtolength{\topmargin}{-1.59999pt}.

[307]
Underfull \vbox (badness 1448) has occurred while \output is active []




Package fancyhdr Warning: \headheight is too small (12.0pt): 
(fancyhdr)                Make it at least 13.59999pt, for example:
(fancyhdr)                \setlength{\headheight}{13.59999pt}.
(fancyhdr)                You might also make \topmargin smaller:
(fancyhdr)                \addtolength{\topmargin}{-1.59999pt}.

[308]


Package fancyhdr Warning: \headheight is too small (12.0pt): 
(fancyhdr)                Make it at least 13.59999pt, for example:
(fancyhdr)                \setlength{\headheight}{13.59999pt}.
(fancyhdr)                You might also make \topmargin smaller:
(fancyhdr)                \addtolength{\topmargin}{-1.59999pt}.

[309]
Overfull \hbox (0.69724pt too wide) in paragraph at lines 12300--12307
\T1/ppl/m/n/10.95 bor-dered on the re-li-gious. She had trained in the harbor-m
aster\TS1/ppl/m/n/10.95 '\T1/ppl/m/n/10.95 s
 []




Package fancyhdr Warning: \headheight is too small (12.0pt): 
(fancyhdr)                Make it at least 13.59999pt, for example:
(fancyhdr)                \setlength{\headheight}{13.59999pt}.
(fancyhdr)                You might also make \topmargin smaller:
(fancyhdr)                \addtolength{\topmargin}{-1.59999pt}.

[310]


Package fancyhdr Warning: \headheight is too small (12.0pt): 
(fancyhdr)                Make it at least 13.59999pt, for example:
(fancyhdr)                \setlength{\headheight}{13.59999pt}.
(fancyhdr)                You might also make \topmargin smaller:
(fancyhdr)                \addtolength{\topmargin}{-1.59999pt}.

[311]
Overfull \hbox (2.84277pt too wide) in paragraph at lines 12371--12378
\T1/ppl/m/n/10.95 im-pe-rial sym-bols de-faced or their po-si-tions mys-te-ri-o
usly shifted.
 []


Overfull \hbox (2.13115pt too wide) in paragraph at lines 12371--12378
\T1/ppl/m/n/10.95 claimed to know short-cuts but in-stead guided the im-pe-rial
 teams
 []


Overfull \hbox (12.28145pt too wide) in paragraph at lines 12381--12387
\T1/ppl/m/n/10.95 where pos-si-ble, but the im-pe-rial en-gi-neers were not con
-tent merely
 []


Overfull \hbox (8.12155pt too wide) in paragraph at lines 12388--12395
\T1/ppl/m/n/10.95 than swords and spears. They broke stone, hauled tim-ber, dra
ined
 []




Package fancyhdr Warning: \headheight is too small (12.0pt): 
(fancyhdr)                Make it at least 13.59999pt, for example:
(fancyhdr)                \setlength{\headheight}{13.59999pt}.
(fancyhdr)                You might also make \topmargin smaller:
(fancyhdr)                \addtolength{\topmargin}{-1.59999pt}.

[312]
Overfull \hbox (2.3182pt too wide) in paragraph at lines 12417--12423
\T1/ppl/m/n/10.95 Road-Wardens, those armed rep-re-sen-ta-tives of im-pe-rial l
aw who
 []


Overfull \hbox (4.1024pt too wide) in paragraph at lines 12434--12440
\T1/ppl/m/it/10.95 ery de-ci-sion now sent their ques-tions to the Road-Warden\
TS1/ppl/m/it/10.95 '\T1/ppl/m/it/10.95 s
 []




Package fancyhdr Warning: \headheight is too small (12.0pt): 
(fancyhdr)                Make it at least 13.59999pt, for example:
(fancyhdr)                \setlength{\headheight}{13.59999pt}.
(fancyhdr)                You might also make \topmargin smaller:
(fancyhdr)                \addtolength{\topmargin}{-1.59999pt}.

[313]


Package fancyhdr Warning: \headheight is too small (12.0pt): 
(fancyhdr)                Make it at least 13.59999pt, for example:
(fancyhdr)                \setlength{\headheight}{13.59999pt}.
(fancyhdr)                You might also make \topmargin smaller:
(fancyhdr)                \addtolength{\topmargin}{-1.59999pt}.

[314]
Overfull \hbox (6.28114pt too wide) in paragraph at lines 12499--12506
\T1/ppl/m/n/10.95 markers lay ter-ri-to-ries that re-mained stub-bornly un-mapp
ed, pop-
 []


Overfull \hbox (1.14581pt too wide) in paragraph at lines 12517--12524
\T1/ppl/m/n/10.95 Lord had in-deed bound the ac-ces-si-ble in-te-rior to his wi
ll through
 []




Package fancyhdr Warning: \headheight is too small (12.0pt): 
(fancyhdr)                Make it at least 13.59999pt, for example:
(fancyhdr)                \setlength{\headheight}{13.59999pt}.
(fancyhdr)                You might also make \topmargin smaller:
(fancyhdr)                \addtolength{\topmargin}{-1.59999pt}.

[315]
Overfull \hbox (6.15599pt too wide) in paragraph at lines 12525--12532
[]\T1/ppl/m/n/10.95 The Third Age had be-gun with the sound of sur-veyor\TS1/pp
l/m/n/10.95 '\T1/ppl/m/n/10.95 s chains.
 []


Overfull \hbox (22.40012pt too wide) in paragraph at lines 12538--12547
\T1/ppl/m/n/10.95 Banner-Lord\TS1/ppl/m/n/10.95 '\T1/ppl/m/n/10.95 s en-gi-neer
s ac-com-plished feats that would have seemed
 []


Overfull \hbox (20.11127pt too wide) in paragraph at lines 12538--12547
\T1/ppl/m/n/10.95 deltas, but the harsh up-lands where stone fought iron for su
premacy.
 []




Package fancyhdr Warning: \headheight is too small (12.0pt): 
(fancyhdr)                Make it at least 13.59999pt, for example:
(fancyhdr)                \setlength{\headheight}{13.59999pt}.
(fancyhdr)                You might also make \topmargin smaller:
(fancyhdr)                \addtolength{\topmargin}{-1.59999pt}.

[316]
Overfull \hbox (1.47467pt too wide) in paragraph at lines 12577--12585
\T1/ppl/m/it/10.95 sound of ham-mers against rock. We mea-sured our progress
 []


Overfull \hbox (12.29251pt too wide) in paragraph at lines 12587--12595
\T1/ppl/m/n/10.95 treach-er-ous moun-tain passes con-trolled by in-de-pen-dent 
hill-tribes.
 []


Overfull \hbox (1.93492pt too wide) in paragraph at lines 12598--12605
\T1/ppl/m/n/10.95 ra-tus re-quired to man-age it. The sim-ple sys-tem of Road-W
ardens
 []


Overfull \hbox (3.88354pt too wide) in paragraph at lines 12598--12605
\T1/ppl/m/n/10.95 ad-min-is-tra-tors de-vel-oped an elab-o-rate hi-er-ar-chy of
 of-fi-cials, each
 []




Package fancyhdr Warning: \headheight is too small (12.0pt): 
(fancyhdr)                Make it at least 13.59999pt, for example:
(fancyhdr)                \setlength{\headheight}{13.59999pt}.
(fancyhdr)                You might also make \topmargin smaller:
(fancyhdr)                \addtolength{\topmargin}{-1.59999pt}.

[317]
Overfull \hbox (1.68236pt too wide) in paragraph at lines 12622--12629
\T1/ppl/m/n/10.95 tics that en-abled ever more so-phis-ti-cated man-age-ment de
-ci-sions.
 []


Overfull \hbox (0.368pt too wide) in paragraph at lines 12641--12649
\T1/ppl/m/n/10.95 phi-los-o-phy that went far be-yond mere trans-porta-tion uti
l-ity. Im-
 []


Overfull \hbox (0.70807pt too wide) in paragraph at lines 12641--12649
\T1/ppl/m/n/10.95 rather than around them, forc-ing com-mu-ni-ties to re-build 
around
 []




Package fancyhdr Warning: \headheight is too small (12.0pt): 
(fancyhdr)                Make it at least 13.59999pt, for example:
(fancyhdr)                \setlength{\headheight}{13.59999pt}.
(fancyhdr)                You might also make \topmargin smaller:
(fancyhdr)                \addtolength{\topmargin}{-1.59999pt}.

[318]
Overfull \hbox (1.81381pt too wide) in paragraph at lines 12650--12657
\T1/ppl/m/n/10.95 su-pe-rior to or-ganic de-vel-op-ment, that stan-dard-iza-tio
n pro-moted
 []




Package fancyhdr Warning: \headheight is too small (12.0pt): 
(fancyhdr)                Make it at least 13.59999pt, for example:
(fancyhdr)                \setlength{\headheight}{13.59999pt}.
(fancyhdr)                You might also make \topmargin smaller:
(fancyhdr)                \addtolength{\topmargin}{-1.59999pt}.

[319]
Overfull \hbox (2.84328pt too wide) in paragraph at lines 12714--12721
\T1/ppl/m/n/10.95 ated, the con-se-quences rip-pled back to af-fect farm-ers an
d crafters
 []


Overfull \hbox (16.35005pt too wide) in paragraph at lines 12722--12731
[]\T1/ppl/m/n/10.95 Traditional craft pro-duc-tion also un-der-went sig-nif-i-c
ant changes.
 []


Overfull \hbox (4.56244pt too wide) in paragraph at lines 12722--12731
\T1/ppl/m/n/10.95 Lo-cal ar-ti-sans found them-selves com-pet-ing with goods pr
o-duced
 []




Package fancyhdr Warning: \headheight is too small (12.0pt): 
(fancyhdr)                Make it at least 13.59999pt, for example:
(fancyhdr)                \setlength{\headheight}{13.59999pt}.
(fancyhdr)                You might also make \topmargin smaller:
(fancyhdr)                \addtolength{\topmargin}{-1.59999pt}.

[320]


Package fancyhdr Warning: \headheight is too small (12.0pt): 
(fancyhdr)                Make it at least 13.59999pt, for example:
(fancyhdr)                \setlength{\headheight}{13.59999pt}.
(fancyhdr)                You might also make \topmargin smaller:
(fancyhdr)                \addtolength{\topmargin}{-1.59999pt}.

[321]
Overfull \hbox (1.03647pt too wide) in paragraph at lines 12778--12785
\T1/ppl/m/n/10.95 mained pas-sive in their ex-ile but had been or-ga-niz-ing an
d adapt-
 []


Overfull \hbox (0.42368pt too wide) in paragraph at lines 12778--12785
\T1/ppl/m/n/10.95 ing. They had de-vel-oped new forms of so-cial or-ga-ni-za-ti
on based
 []




Package fancyhdr Warning: \headheight is too small (12.0pt): 
(fancyhdr)                Make it at least 13.59999pt, for example:
(fancyhdr)                \setlength{\headheight}{13.59999pt}.
(fancyhdr)                You might also make \topmargin smaller:
(fancyhdr)                \addtolength{\topmargin}{-1.59999pt}.

[322]
Overfull \hbox (2.14273pt too wide) in paragraph at lines 12812--12819
\T1/ppl/m/n/10.95 in-creas-ingly ag-gres-sive mea-sures. Pa-trols were in-creas
ed. Penal-
 []


Overfull \hbox (3.76231pt too wide) in paragraph at lines 12812--12819
\T1/ppl/m/n/10.95 pro-duc-tive, alien-at-ing pop-u-la-tions that had pre-vi-ous
ly been neu-
 []


Overfull \hbox (4.27795pt too wide) in paragraph at lines 12840--12847
\T1/ppl/m/it/10.95 a-bil-ity: R2] The Road-Marshal\TS1/ppl/m/it/10.95 '\T1/ppl/
m/it/10.95 s fi-nal re-port to the Banner-
 []




Package fancyhdr Warning: \headheight is too small (12.0pt): 
(fancyhdr)                Make it at least 13.59999pt, for example:
(fancyhdr)                \setlength{\headheight}{13.59999pt}.
(fancyhdr)                You might also make \topmargin smaller:
(fancyhdr)                \addtolength{\topmargin}{-1.59999pt}.

[323]
Overfull \hbox (12.26614pt too wide) in paragraph at lines 12849--12858
[]\T1/ppl/m/n/10.95 The Sur-face Doc-trine had trans-formed the em-pire and ach
ieved
 []


Overfull \hbox (13.45921pt too wide) in paragraph at lines 12870--12876
[]\T1/ppl/m/n/10.95 This ru-ral de-pop-u-la-tion had im-me-di-ate prac-ti-cal c
on-se-quences.
 []




Package fancyhdr Warning: \headheight is too small (12.0pt): 
(fancyhdr)                Make it at least 13.59999pt, for example:
(fancyhdr)                \setlength{\headheight}{13.59999pt}.
(fancyhdr)                You might also make \topmargin smaller:
(fancyhdr)                \addtolength{\topmargin}{-1.59999pt}.

[324]
Overfull \hbox (0.26447pt too wide) in paragraph at lines 12886--12894
[]\T1/ppl/m/n/10.95 The de-mo-graphic shifts also cre-ated cul-tural dis-rup-ti
ons that
 []


Overfull \hbox (7.45302pt too wide) in paragraph at lines 12886--12894
\T1/ppl/m/n/10.95 term. Tra-di-tional knowl-edge about lo-cal conditions---whic
h crops
 []


Overfull \hbox (7.03674pt too wide) in paragraph at lines 12907--12914
\T1/ppl/m/n/10.95 in-creas-ingly de-pen-dent on im-pe-rial in-fras-truc-ture fo
r ba-sic needs.
 []


Overfull \hbox (12.24959pt too wide) in paragraph at lines 12907--12914
\T1/ppl/m/n/10.95 When roads re-quired re-pair or when im-pe-rial reg-u-la-tion
s changed,
 []


Overfull \hbox (1.96721pt too wide) in paragraph at lines 12915--12923
\T1/ppl/m/n/10.95 in pre-imperial com-mu-ni-ties. Ar-eas served by ma-jor route
s pros-
 []




Package fancyhdr Warning: \headheight is too small (12.0pt): 
(fancyhdr)                Make it at least 13.59999pt, for example:
(fancyhdr)                \setlength{\headheight}{13.59999pt}.
(fancyhdr)                You might also make \topmargin smaller:
(fancyhdr)                \addtolength{\topmargin}{-1.59999pt}.

[325]
Overfull \hbox (4.84691pt too wide) in paragraph at lines 12943--12950
\T1/ppl/m/n/10.95 were largely un-aware of these de-vel-op-ing prob-lems be-cau
se their
 []


Overfull \hbox (18.22807pt too wide) in paragraph at lines 12954--12961
\T1/ppl/m/n/10.95 ta-tions came from pop-u-la-tions who had been dis-placed or 
marginal-
 []


Overfull \hbox (2.59091pt too wide) in paragraph at lines 12954--12961
\T1/ppl/m/n/10.95 re-ceiv-ing few of its ben-e-fits, and their ex-pe-ri-ences p
ro-vided early
 []




Package fancyhdr Warning: \headheight is too small (12.0pt): 
(fancyhdr)                Make it at least 13.59999pt, for example:
(fancyhdr)                \setlength{\headheight}{13.59999pt}.
(fancyhdr)                You might also make \topmargin smaller:
(fancyhdr)                \addtolength{\topmargin}{-1.59999pt}.

[326]


Package fancyhdr Warning: \headheight is too small (12.0pt): 
(fancyhdr)                Make it at least 13.59999pt, for example:
(fancyhdr)                \setlength{\headheight}{13.59999pt}.
(fancyhdr)                You might also make \topmargin smaller:
(fancyhdr)                \addtolength{\topmargin}{-1.59999pt}.

[327]


Package fancyhdr Warning: \headheight is too small (12.0pt): 
(fancyhdr)                Make it at least 13.59999pt, for example:
(fancyhdr)                \setlength{\headheight}{13.59999pt}.
(fancyhdr)                You might also make \topmargin smaller:
(fancyhdr)                \addtolength{\topmargin}{-1.59999pt}.

[328]


Package fancyhdr Warning: \headheight is too small (12.0pt): 
(fancyhdr)                Make it at least 13.59999pt, for example:
(fancyhdr)                \setlength{\headheight}{13.59999pt}.
(fancyhdr)                You might also make \topmargin smaller:
(fancyhdr)                \addtolength{\topmargin}{-1.59999pt}.

[329]


Package fancyhdr Warning: \headheight is too small (12.0pt): 
(fancyhdr)                Make it at least 13.59999pt, for example:
(fancyhdr)                \setlength{\headheight}{13.59999pt}.
(fancyhdr)                You might also make \topmargin smaller:
(fancyhdr)                \addtolength{\topmargin}{-1.59999pt}.

[330

]
Chapter 3.

Overfull \hbox (10.05891pt too wide) in paragraph at lines 13071--13081
\T1/ppl/m/n/10.95 Third Age\TS1/ppl/m/n/10.95 '\T1/ppl/m/n/10.95 s con-fi-dence
 in sys-tem-atic con-trol en-coun-tered its great-
 []


Overfull \hbox (11.66907pt too wide) in paragraph at lines 13071--13081
\T1/ppl/m/n/10.95 such catas-tro-phes. The first famine was nat-u-ral, caused b
y weather
 []



[331]
Overfull \hbox (5.59088pt too wide) in paragraph at lines 13109--13116
\T1/ppl/m/n/10.95 rupted trans-porta-tion through-out the in-te-rior. Dried riv
ers meant
 []


Overfull \hbox (16.6351pt too wide) in paragraph at lines 13139--13147
[]\T1/ppl/m/n/10.95 These pro-ce-dures, rea-son-able dur-ing nor-mal op-er-a-ti
ons, proved
 []


Overfull \hbox (4.63911pt too wide) in paragraph at lines 13139--13147
\T1/ppl/m/n/10.95 dis-as-trously in-ad-e-quate dur-ing emer-gency con-di-tions.
 Food con-
 []




Package fancyhdr Warning: \headheight is too small (12.0pt): 
(fancyhdr)                Make it at least 13.59999pt, for example:
(fancyhdr)                \setlength{\headheight}{13.59999pt}.
(fancyhdr)                You might also make \topmargin smaller:
(fancyhdr)                \addtolength{\topmargin}{-1.59999pt}.

[332]


Package fancyhdr Warning: \headheight is too small (12.0pt): 
(fancyhdr)                Make it at least 13.59999pt, for example:
(fancyhdr)                \setlength{\headheight}{13.59999pt}.
(fancyhdr)                You might also make \topmargin smaller:
(fancyhdr)                \addtolength{\topmargin}{-1.59999pt}.

[333]
Overfull \hbox (10.23386pt too wide) in paragraph at lines 13192--13199
\T1/ppl/m/n/10.95 that was avail-able but bu-reau-crat-i-cally in-ac-ces-si-ble
. They watched
 []


Underfull \vbox (badness 1448) has occurred while \output is active []




Package fancyhdr Warning: \headheight is too small (12.0pt): 
(fancyhdr)                Make it at least 13.59999pt, for example:
(fancyhdr)                \setlength{\headheight}{13.59999pt}.
(fancyhdr)                You might also make \topmargin smaller:
(fancyhdr)                \addtolength{\topmargin}{-1.59999pt}.

[334]
Overfull \hbox (7.96864pt too wide) in paragraph at lines 13247--13255
\T1/ppl/m/n/10.95 The mutiny spread rapidly along the Iron Roads as Road-Warden
s
 []


Overfull \hbox (3.60979pt too wide) in paragraph at lines 13247--13255
\T1/ppl/m/n/10.95 through-out the af-fected re-gions chose con-science over com
-mand.
 []


Overfull \hbox (1.86864pt too wide) in paragraph at lines 13247--13255
\T1/ppl/m/n/10.95 the per-sonal and pro-fes-sional re-la-tion-ships that con-ne
cted Road-
 []




Package fancyhdr Warning: \headheight is too small (12.0pt): 
(fancyhdr)                Make it at least 13.59999pt, for example:
(fancyhdr)                \setlength{\headheight}{13.59999pt}.
(fancyhdr)                You might also make \topmargin smaller:
(fancyhdr)                \addtolength{\topmargin}{-1.59999pt}.

[335]
Overfull \hbox (2.74425pt too wide) in paragraph at lines 13274--13282
\T1/ppl/m/n/10.95 tions were tech-ni-cally crim-i-nal un-der im-pe-rial law, bu
t they were
 []


Overfull \hbox (0.43439pt too wide) in paragraph at lines 13274--13282
\T1/ppl/m/n/10.95 le-git-i-mate re-sponses to im-pe-rial fail-ure. The Road-War
dens who
 []


Overfull \hbox (2.59138pt too wide) in paragraph at lines 13284--13292
\T1/ppl/m/it/10.95 in im-pe-rial ware-houses await-ing au-tho-riza-tions that m
ight
 []




Package fancyhdr Warning: \headheight is too small (12.0pt): 
(fancyhdr)                Make it at least 13.59999pt, for example:
(fancyhdr)                \setlength{\headheight}{13.59999pt}.
(fancyhdr)                You might also make \topmargin smaller:
(fancyhdr)                \addtolength{\topmargin}{-1.59999pt}.

[336]


Package fancyhdr Warning: \headheight is too small (12.0pt): 
(fancyhdr)                Make it at least 13.59999pt, for example:
(fancyhdr)                \setlength{\headheight}{13.59999pt}.
(fancyhdr)                You might also make \topmargin smaller:
(fancyhdr)                \addtolength{\topmargin}{-1.59999pt}.

[337]
Overfull \hbox (1.13538pt too wide) in paragraph at lines 13348--13356
\T1/ppl/m/it/10.95 can-not make them func-tion ef-fec-tively. The Road-Wardens
 []


Overfull \hbox (0.52112pt too wide) in paragraph at lines 13365--13375
\T1/ppl/m/n/10.95 cre-ated the cri-sis con-di-tions con-tin-ued to op-er-ate ev
en af-ter their
 []


Overfull \hbox (9.35738pt too wide) in paragraph at lines 13365--13375
\T1/ppl/m/n/10.95 au-thor-i-ties con-tin-ued to pri-or-i-tize their own in-ter-
ests over empire-
 []




Package fancyhdr Warning: \headheight is too small (12.0pt): 
(fancyhdr)                Make it at least 13.59999pt, for example:
(fancyhdr)                \setlength{\headheight}{13.59999pt}.
(fancyhdr)                You might also make \topmargin smaller:
(fancyhdr)                \addtolength{\topmargin}{-1.59999pt}.

[338]
Overfull \hbox (2.58041pt too wide) in paragraph at lines 13379--13386
\T1/ppl/m/n/10.95 nomic con-se-quences that re-vealed how de-pen-dent im-pe-ria
l com-
 []


Overfull \hbox (31.14801pt too wide) in paragraph at lines 13379--13386
\T1/ppl/m/n/10.95 son-nel. The trans-porta-tion net-work con-tin-ued to func-ti
on physically---
 []


Overfull \hbox (12.21703pt too wide) in paragraph at lines 13379--13386
\T1/ppl/m/n/10.95 roads re-mained pass-able and way-stations re-mained operatio
nal---
 []




Package fancyhdr Warning: \headheight is too small (12.0pt): 
(fancyhdr)                Make it at least 13.59999pt, for example:
(fancyhdr)                \setlength{\headheight}{13.59999pt}.
(fancyhdr)                You might also make \topmargin smaller:
(fancyhdr)                \addtolength{\topmargin}{-1.59999pt}.

[339]
Overfull \hbox (9.29802pt too wide) in paragraph at lines 13426--13434
[]\T1/ppl/m/n/10.95 The eco-nomic changes had po-lit-i-cal im-pli-ca-tions that
 ex-tended
 []


Overfull \hbox (1.39809pt too wide) in paragraph at lines 13445--13452
\T1/ppl/m/n/10.95 The most sig-nif-i-cant long-term con-se-quence of the Road-W
arden
 []




Package fancyhdr Warning: \headheight is too small (12.0pt): 
(fancyhdr)                Make it at least 13.59999pt, for example:
(fancyhdr)                \setlength{\headheight}{13.59999pt}.
(fancyhdr)                You might also make \topmargin smaller:
(fancyhdr)                \addtolength{\topmargin}{-1.59999pt}.

[340]
Overfull \hbox (3.28691pt too wide) in paragraph at lines 13492--13501
[]\T1/ppl/m/n/10.95 The hu-man-i-tar-ian net-works be-came mod-els for post-imp
erial
 []


Overfull \hbox (1.34276pt too wide) in paragraph at lines 13492--13501
\T1/ppl/m/n/10.95 the for-mer em-pire. They demon-strated that ef-fec-tive gov-
er-nance
 []


Overfull \hbox (4.85803pt too wide) in paragraph at lines 13492--13501
\T1/ppl/m/n/10.95 con-sen-sus rather than through bu-reau-cratic com-mand struc
-tures.
 []




Package fancyhdr Warning: \headheight is too small (12.0pt): 
(fancyhdr)                Make it at least 13.59999pt, for example:
(fancyhdr)                \setlength{\headheight}{13.59999pt}.
(fancyhdr)                You might also make \topmargin smaller:
(fancyhdr)                \addtolength{\topmargin}{-1.59999pt}.

[341]
Overfull \hbox (1.11308pt too wide) in paragraph at lines 13502--13509
\T1/ppl/m/n/10.95 at serv-ing hu-man needs than the im-pe-rial sys-tems they re
-placed.
 []




Package fancyhdr Warning: \headheight is too small (12.0pt): 
(fancyhdr)                Make it at least 13.59999pt, for example:
(fancyhdr)                \setlength{\headheight}{13.59999pt}.
(fancyhdr)                You might also make \topmargin smaller:
(fancyhdr)                \addtolength{\topmargin}{-1.59999pt}.

[342]
Overfull \hbox (0.20473pt too wide) in paragraph at lines 13568--13575
\T1/ppl/m/n/10.95 Farm-ers who might have pro-duced sur-plus crops re-frained f
rom
 []




Package fancyhdr Warning: \headheight is too small (12.0pt): 
(fancyhdr)                Make it at least 13.59999pt, for example:
(fancyhdr)                \setlength{\headheight}{13.59999pt}.
(fancyhdr)                You might also make \topmargin smaller:
(fancyhdr)                \addtolength{\topmargin}{-1.59999pt}.

[343]
Overfull \hbox (5.38322pt too wide) in paragraph at lines 13597--13604
\T1/ppl/m/n/10.95 Re-gional au-thor-i-ties com-peted with each other for ac-ces
s to trans-
 []




Package fancyhdr Warning: \headheight is too small (12.0pt): 
(fancyhdr)                Make it at least 13.59999pt, for example:
(fancyhdr)                \setlength{\headheight}{13.59999pt}.
(fancyhdr)                You might also make \topmargin smaller:
(fancyhdr)                \addtolength{\topmargin}{-1.59999pt}.

[344]
Overfull \hbox (13.66171pt too wide) in paragraph at lines 13625--13632
\T1/ppl/m/it/10.95 ri-ots, I watched the Banner-Lord\TS1/ppl/m/it/10.95 '\T1/pp
l/m/it/10.95 s grain con-voy pass through
 []


Overfull \hbox (0.77364pt too wide) in paragraph at lines 13625--13632
\T1/ppl/m/it/10.95 and the horses sleek, while chil-dren begged for scraps alon
g
 []


Overfull \hbox (15.20529pt too wide) in paragraph at lines 13646--13652
\T1/ppl/m/n/10.95 In the ab-sence of ef-fec-tive im-pe-rial re-sponse, com-mu-n
i-ties through-
 []


Overfull \hbox (10.52943pt too wide) in paragraph at lines 13653--13658
\T1/ppl/m/n/10.95 quired mu-tual sup-port rather than in-di-vid-ual com-pe-ti-t
ion, proved
 []




Package fancyhdr Warning: \headheight is too small (12.0pt): 
(fancyhdr)                Make it at least 13.59999pt, for example:
(fancyhdr)                \setlength{\headheight}{13.59999pt}.
(fancyhdr)                You might also make \topmargin smaller:
(fancyhdr)                \addtolength{\topmargin}{-1.59999pt}.

[345]
Overfull \hbox (12.10666pt too wide) in paragraph at lines 13668--13677
\T1/ppl/m/n/10.95 ity more ef-fec-tively than lo-cal tra-di-tions. The Two Fami
nes demon-
 []


Overfull \hbox (1.34354pt too wide) in paragraph at lines 13682--13690
\T1/ppl/m/it/10.95 won-der how an em-pire that could move moun-tains to build
 []


Overfull \hbox (0.29189pt too wide) in paragraph at lines 13682--13690
\T1/ppl/m/it/10.95 solid and well-maintained while the em-pire that built them
 []




Package fancyhdr Warning: \headheight is too small (12.0pt): 
(fancyhdr)                Make it at least 13.59999pt, for example:
(fancyhdr)                \setlength{\headheight}{13.59999pt}.
(fancyhdr)                You might also make \topmargin smaller:
(fancyhdr)                \addtolength{\topmargin}{-1.59999pt}.

[346]
Overfull \hbox (5.04317pt too wide) in paragraph at lines 13718--13726
\T1/ppl/m/n/10.95 em-pire\TS1/ppl/m/n/10.95 '\T1/ppl/m/n/10.95 s long-term vi-a
-bil-ity. The agri-cul-tural base that sup-ported
 []


Overfull \hbox (2.58105pt too wide) in paragraph at lines 13728--13734
\T1/ppl/m/it/10.95 them grown over with weeds. The farm-houses stood empty,
 []


Overfull \hbox (1.3705pt too wide) in paragraph at lines 13736--13745
[]\T1/ppl/m/n/10.95 When nor-mal har-vests fi-nally re-turned in TA 1255, they 
came
 []




Package fancyhdr Warning: \headheight is too small (12.0pt): 
(fancyhdr)                Make it at least 13.59999pt, for example:
(fancyhdr)                \setlength{\headheight}{13.59999pt}.
(fancyhdr)                You might also make \topmargin smaller:
(fancyhdr)                \addtolength{\topmargin}{-1.59999pt}.

[347]
Overfull \hbox (2.71156pt too wide) in paragraph at lines 13746--13756
\T1/ppl/m/n/10.95 later ages, but even con-tem-po-rary ob-servers could see tha
t some-
 []


Overfull \hbox (5.86525pt too wide) in paragraph at lines 13746--13756
\T1/ppl/m/n/10.95 The Sur-face Doc-trine\TS1/ppl/m/n/10.95 '\T1/ppl/m/n/10.95 s
 promise of ra-tio-nal con-trol had been tested
 []




Package fancyhdr Warning: \headheight is too small (12.0pt): 
(fancyhdr)                Make it at least 13.59999pt, for example:
(fancyhdr)                \setlength{\headheight}{13.59999pt}.
(fancyhdr)                You might also make \topmargin smaller:
(fancyhdr)                \addtolength{\topmargin}{-1.59999pt}.

[348]


Package fancyhdr Warning: \headheight is too small (12.0pt): 
(fancyhdr)                Make it at least 13.59999pt, for example:
(fancyhdr)                \setlength{\headheight}{13.59999pt}.
(fancyhdr)                You might also make \topmargin smaller:
(fancyhdr)                \addtolength{\topmargin}{-1.59999pt}.

[349]
Overfull \hbox (2.80548pt too wide) in paragraph at lines 13830--13838
[]\T1/ppl/m/n/10.95 The im-pe-rial re-sponse was con-fused and con-tra-dic-tory
. Some
 []


Overfull \hbox (6.92737pt too wide) in paragraph at lines 13830--13838
\T1/ppl/m/n/10.95 re-bel-lion would en-cour-age sim-i-lar re-volts else-where. 
The Banner-
 []


Overfull \hbox (12.6209pt too wide) in paragraph at lines 13859--13866
\T1/ppl/m/n/10.95 The most suc-cess-ful rebel ter-ri-to-ries were those that mo
ved quickly
 []




Package fancyhdr Warning: \headheight is too small (12.0pt): 
(fancyhdr)                Make it at least 13.59999pt, for example:
(fancyhdr)                \setlength{\headheight}{13.59999pt}.
(fancyhdr)                You might also make \topmargin smaller:
(fancyhdr)                \addtolength{\topmargin}{-1.59999pt}.

[350]
Overfull \hbox (8.41634pt too wide) in paragraph at lines 13875--13882
\T1/ppl/m/n/10.95 rule, declar-ing in-stead that gov-ern-men-tal le-git-i-macy 
de-rived from
 []


Overfull \hbox (0.48878pt too wide) in paragraph at lines 13875--13882
\T1/ppl/m/n/10.95 the con-sent of the gov-erned and that such con-sent could be
 with-
 []


Overfull \hbox (2.72836pt too wide) in paragraph at lines 13894--13901
[]\T1/ppl/m/n/10.95 The pro-vi-sional coun-cils proved re-mark-ably ef-fec-tive
 at man-
 []


Overfull \hbox (0.3902pt too wide) in paragraph at lines 13902--13909
\T1/ppl/m/n/10.95 that the em-pire had de-vel-oped over cen-turies of ex-pan-si
on. Sim-
 []




Package fancyhdr Warning: \headheight is too small (12.0pt): 
(fancyhdr)                Make it at least 13.59999pt, for example:
(fancyhdr)                \setlength{\headheight}{13.59999pt}.
(fancyhdr)                You might also make \topmargin smaller:
(fancyhdr)                \addtolength{\topmargin}{-1.59999pt}.

[351]
Overfull \hbox (8.3015pt too wide) in paragraph at lines 13928--13935
[]\T1/ppl/m/n/10.95 Imperial au-thor-i-ties at-tempted to sup-press the ban-ner
 through
 []




Package fancyhdr Warning: \headheight is too small (12.0pt): 
(fancyhdr)                Make it at least 13.59999pt, for example:
(fancyhdr)                \setlength{\headheight}{13.59999pt}.
(fancyhdr)                You might also make \topmargin smaller:
(fancyhdr)                \addtolength{\topmargin}{-1.59999pt}.

[352]
Overfull \hbox (3.1601pt too wide) in paragraph at lines 13957--13963
\T1/ppl/m/n/10.95 tent to which its gov-ern-ing in-sti-tu-tions had be-come dis
-con-nected
 []


Overfull \hbox (32.04167pt too wide) in paragraph at lines 13972--13979
[]\T1/ppl/m/n/10.95 Imperial forces also proved in-ad-e-quate for sup-press-ing
 widespread
 []




Package fancyhdr Warning: \headheight is too small (12.0pt): 
(fancyhdr)                Make it at least 13.59999pt, for example:
(fancyhdr)                \setlength{\headheight}{13.59999pt}.
(fancyhdr)                You might also make \topmargin smaller:
(fancyhdr)                \addtolength{\topmargin}{-1.59999pt}.

[353]
Overfull \hbox (0.4235pt too wide) in paragraph at lines 13989--13997
\T1/ppl/m/n/10.95 who had wit-nessed the em-pire\TS1/ppl/m/n/10.95 '\T1/ppl/m/n
/10.95 s fail-ures dur-ing the famine years
 []




Package fancyhdr Warning: \headheight is too small (12.0pt): 
(fancyhdr)                Make it at least 13.59999pt, for example:
(fancyhdr)                \setlength{\headheight}{13.59999pt}.
(fancyhdr)                You might also make \topmargin smaller:
(fancyhdr)                \addtolength{\topmargin}{-1.59999pt}.

[354]
Overfull \hbox (2.54242pt too wide) in paragraph at lines 14058--14066
[]\T1/ppl/m/n/10.95 These tra-di-tional net-works en-abled co-or-di-nated ac-ti
on across
 []




Package fancyhdr Warning: \headheight is too small (12.0pt): 
(fancyhdr)                Make it at least 13.59999pt, for example:
(fancyhdr)                \setlength{\headheight}{13.59999pt}.
(fancyhdr)                You might also make \topmargin smaller:
(fancyhdr)                \addtolength{\topmargin}{-1.59999pt}.

[355]
Overfull \hbox (1.97795pt too wide) in paragraph at lines 14067--14075
\T1/ppl/m/n/10.95 con-struct, sup-ply de-pots that con-tained ac-cu-mu-lated st
ores from
 []


Overfull \hbox (3.22058pt too wide) in paragraph at lines 14093--14099
[]\T1/ppl/m/n/10.95 This guer-rilla strat-egy proved dev-as-tat-ingly ef-fec-ti
ve be-cause
 []


Overfull \hbox (0.45656pt too wide) in paragraph at lines 14093--14099
\T1/ppl/m/n/10.95 tional war-fare against en-e-mies who would stand and fight. 
They
 []


Overfull \hbox (0.29193pt too wide) in paragraph at lines 14093--14099
\T1/ppl/m/n/10.95 then dis-ap-peared into ter-rain they did not un-der-stand an
d could
 []


Underfull \vbox (badness 2941) has occurred while \output is active []




Package fancyhdr Warning: \headheight is too small (12.0pt): 
(fancyhdr)                Make it at least 13.59999pt, for example:
(fancyhdr)                \setlength{\headheight}{13.59999pt}.
(fancyhdr)                You might also make \topmargin smaller:
(fancyhdr)                \addtolength{\topmargin}{-1.59999pt}.

[356]
Overfull \hbox (4.84203pt too wide) in paragraph at lines 14119--14127
[]\T1/ppl/m/n/10.95 Traditional gov-er-nance sys-tems were also re-stored, of-t
en with
 []


Overfull \hbox (3.77336pt too wide) in paragraph at lines 14138--14146
\T1/ppl/m/n/10.95 en-vi-ron-men-tally de-struc-tive, fo-cus-ing on short-term p
rofit rather
 []


Overfull \hbox (6.93797pt too wide) in paragraph at lines 14138--14146
\T1/ppl/m/n/10.95 than long-term sus-tain-abil-ity. Tra-di-tional prac-tices th
at had main-
 []




Package fancyhdr Warning: \headheight is too small (12.0pt): 
(fancyhdr)                Make it at least 13.59999pt, for example:
(fancyhdr)                \setlength{\headheight}{13.59999pt}.
(fancyhdr)                You might also make \topmargin smaller:
(fancyhdr)                \addtolength{\topmargin}{-1.59999pt}.

[357]
Overfull \hbox (3.59317pt too wide) in paragraph at lines 14147--14153
[]\T1/ppl/m/n/10.95 The knowl-edge re-vival was not sim-ply nos-tal-gic but in-
volved
 []


Overfull \hbox (1.17847pt too wide) in paragraph at lines 14156--14162
\T1/ppl/m/n/10.95 thor-i-ties. These net-works con-nected fron-tier com-mu-ni-t
ies across
 []


Overfull \hbox (0.89383pt too wide) in paragraph at lines 14156--14162
\T1/ppl/m/n/10.95 have been im-pos-si-ble through im-pe-rial com-mu-ni-ca-tion 
sys-tems. 
 []


Overfull \hbox (4.75923pt too wide) in paragraph at lines 14163--14172
\T1/ppl/m/n/10.95 works were sus-tained by per-sonal re-la-tion-ships and cul-t
ural obli-
 []




Package fancyhdr Warning: \headheight is too small (12.0pt): 
(fancyhdr)                Make it at least 13.59999pt, for example:
(fancyhdr)                \setlength{\headheight}{13.59999pt}.
(fancyhdr)                You might also make \topmargin smaller:
(fancyhdr)                \addtolength{\topmargin}{-1.59999pt}.

[358]
Overfull \hbox (1.39827pt too wide) in paragraph at lines 14190--14196
\T1/ppl/m/n/10.95 the same com-mu-ni-ca-tion and co-or-di-na-tion mech-a-nisms 
that had
 []


Overfull \hbox (4.55139pt too wide) in paragraph at lines 14197--14204
\T1/ppl/m/n/10.95 in-for-mal ar-range-ments based on mu-tual trust and re-cip-r
o-cal obli-
 []


Overfull \hbox (0.37944pt too wide) in paragraph at lines 14208--14216
\T1/ppl/m/n/10.95 through con-ven-tional law en-force-ment pro-ce-dures. Im-pe-
rial au-
 []


Overfull \hbox (1.68176pt too wide) in paragraph at lines 14217--14225
\T1/ppl/m/n/10.95 their sup-ply lines were con-stantly threat-ened. The im-pe-r
ial units
 []


Overfull \hbox (2.77773pt too wide) in paragraph at lines 14217--14225
\T1/ppl/m/n/10.95 had been trained for con-ven-tional war-fare and were largely
 help-
 []




Package fancyhdr Warning: \headheight is too small (12.0pt): 
(fancyhdr)                Make it at least 13.59999pt, for example:
(fancyhdr)                \setlength{\headheight}{13.59999pt}.
(fancyhdr)                You might also make \topmargin smaller:
(fancyhdr)                \addtolength{\topmargin}{-1.59999pt}.

[359]
Overfull \hbox (0.98058pt too wide) in paragraph at lines 14226--14233
\T1/ppl/m/n/10.95 tect the col-lab-o-ra-tive re-la-tion-ships with fron-tier po
p-u-la-tions that
 []




Package fancyhdr Warning: \headheight is too small (12.0pt): 
(fancyhdr)                Make it at least 13.59999pt, for example:
(fancyhdr)                \setlength{\headheight}{13.59999pt}.
(fancyhdr)                You might also make \topmargin smaller:
(fancyhdr)                \addtolength{\topmargin}{-1.59999pt}.

[360]
Overfull \hbox (2.30574pt too wide) in paragraph at lines 14277--14284
\T1/ppl/m/n/10.95 rit-ual served both spir-i-tual and po-lit-i-cal pur-poses: i
t re-con-nected
 []




Package fancyhdr Warning: \headheight is too small (12.0pt): 
(fancyhdr)                Make it at least 13.59999pt, for example:
(fancyhdr)                \setlength{\headheight}{13.59999pt}.
(fancyhdr)                You might also make \topmargin smaller:
(fancyhdr)                \addtolength{\topmargin}{-1.59999pt}.

[361]
Overfull \hbox (9.32011pt too wide) in paragraph at lines 14321--14328
[]\T1/ppl/m/n/10.95 More sig-nif-i-cantly, the elim-i-na-tion of im-pe-rial bou
nd-ary mark-
 []




Package fancyhdr Warning: \headheight is too small (12.0pt): 
(fancyhdr)                Make it at least 13.59999pt, for example:
(fancyhdr)                \setlength{\headheight}{13.59999pt}.
(fancyhdr)                You might also make \topmargin smaller:
(fancyhdr)                \addtolength{\topmargin}{-1.59999pt}.

[362]
Overfull \hbox (4.59492pt too wide) in paragraph at lines 14338--14347
\T1/ppl/m/it/10.95 im-pe-rial trans-porta-tion re-quire-ments. We dec-o-rated i
t with
 []


Overfull \hbox (5.84308pt too wide) in paragraph at lines 14349--14356
\T1/ppl/m/n/10.95 abled the re-vival of tra-di-tional prac-tices that had been 
sup-pressed
 []


Overfull \hbox (6.02962pt too wide) in paragraph at lines 14357--14365
\T1/ppl/m/n/10.95 com-mu-ni-ca-tion re-lay points were sys-tem-at-i-cally de-st
royed. More
 []


Overfull \hbox (7.72652pt too wide) in paragraph at lines 14366--14373
\T1/ppl/m/n/10.95 be-yond their im-me-di-ate mil-i-tary sig-nif-i-cance. They d
emon-strated
 []


Underfull \vbox (badness 2941) has occurred while \output is active []




Package fancyhdr Warning: \headheight is too small (12.0pt): 
(fancyhdr)                Make it at least 13.59999pt, for example:
(fancyhdr)                \setlength{\headheight}{13.59999pt}.
(fancyhdr)                You might also make \topmargin smaller:
(fancyhdr)                \addtolength{\topmargin}{-1.59999pt}.

[363]


Package fancyhdr Warning: \headheight is too small (12.0pt): 
(fancyhdr)                Make it at least 13.59999pt, for example:
(fancyhdr)                \setlength{\headheight}{13.59999pt}.
(fancyhdr)                You might also make \topmargin smaller:
(fancyhdr)                \addtolength{\topmargin}{-1.59999pt}.

[364]


Package fancyhdr Warning: \headheight is too small (12.0pt): 
(fancyhdr)                Make it at least 13.59999pt, for example:
(fancyhdr)                \setlength{\headheight}{13.59999pt}.
(fancyhdr)                You might also make \topmargin smaller:
(fancyhdr)                \addtolength{\topmargin}{-1.59999pt}.

[365]
Overfull \hbox (11.03275pt too wide) in paragraph at lines 14487--14494
\T1/ppl/m/n/10.95 still ex-isted, but they now con-nected in-de-pen-dent ter-ri
-to-ries rather
 []




Package fancyhdr Warning: \headheight is too small (12.0pt): 
(fancyhdr)                Make it at least 13.59999pt, for example:
(fancyhdr)                \setlength{\headheight}{13.59999pt}.
(fancyhdr)                You might also make \topmargin smaller:
(fancyhdr)                \addtolength{\topmargin}{-1.59999pt}.

[366]


Package fancyhdr Warning: \headheight is too small (12.0pt): 
(fancyhdr)                Make it at least 13.59999pt, for example:
(fancyhdr)                \setlength{\headheight}{13.59999pt}.
(fancyhdr)                You might also make \topmargin smaller:
(fancyhdr)                \addtolength{\topmargin}{-1.59999pt}.

[367]


Package fancyhdr Warning: \headheight is too small (12.0pt): 
(fancyhdr)                Make it at least 13.59999pt, for example:
(fancyhdr)                \setlength{\headheight}{13.59999pt}.
(fancyhdr)                You might also make \topmargin smaller:
(fancyhdr)                \addtolength{\topmargin}{-1.59999pt}.

[368

]
Chapter 4.


[369]
Overfull \hbox (0.35732pt too wide) in paragraph at lines 14563--14572
\T1/ppl/m/n/10.95 im-pe-rial au-thor-ity had been most com-pre-hen-sively re-je
cted dur-
 []




Package fancyhdr Warning: \headheight is too small (12.0pt): 
(fancyhdr)                Make it at least 13.59999pt, for example:
(fancyhdr)                \setlength{\headheight}{13.59999pt}.
(fancyhdr)                You might also make \topmargin smaller:
(fancyhdr)                \addtolength{\topmargin}{-1.59999pt}.

[370]
Overfull \hbox (1.57283pt too wide) in paragraph at lines 14583--14590
\T1/ppl/m/n/10.95 These lonely banner-keepers of-ten broke down com-pletely whe
n
 []


Overfull \hbox (4.75949pt too wide) in paragraph at lines 14606--14614
\T1/ppl/m/n/10.95 cil had de-vel-oped elab-o-rate pro-ce-dures for man-ag-ing t
hese trans-
 []




Package fancyhdr Warning: \headheight is too small (12.0pt): 
(fancyhdr)                Make it at least 13.59999pt, for example:
(fancyhdr)                \setlength{\headheight}{13.59999pt}.
(fancyhdr)                You might also make \topmargin smaller:
(fancyhdr)                \addtolength{\topmargin}{-1.59999pt}.

[371]
Overfull \hbox (0.37964pt too wide) in paragraph at lines 14615--14623
\T1/ppl/m/n/10.95 filled dozens of vol-umes and in-cluded ev-ery-thing from the
 mon-
 []




Package fancyhdr Warning: \headheight is too small (12.0pt): 
(fancyhdr)                Make it at least 13.59999pt, for example:
(fancyhdr)                \setlength{\headheight}{13.59999pt}.
(fancyhdr)                You might also make \topmargin smaller:
(fancyhdr)                \addtolength{\topmargin}{-1.59999pt}.

[372]
Overfull \hbox (2.29515pt too wide) in paragraph at lines 14664--14670
\T1/ppl/m/n/10.95 lec-tive mourn-ing that en-abled com-mu-ni-ties to pro-cess t
heir com-
 []




Package fancyhdr Warning: \headheight is too small (12.0pt): 
(fancyhdr)                Make it at least 13.59999pt, for example:
(fancyhdr)                \setlength{\headheight}{13.59999pt}.
(fancyhdr)                You might also make \topmargin smaller:
(fancyhdr)                \addtolength{\topmargin}{-1.59999pt}.

[373]
Overfull \hbox (2.14209pt too wide) in paragraph at lines 14706--14712
\T1/ppl/m/n/10.95 zens who had lived through mul-ti-ple im-pe-rial crises spoke
 about
 []




Package fancyhdr Warning: \headheight is too small (12.0pt): 
(fancyhdr)                Make it at least 13.59999pt, for example:
(fancyhdr)                \setlength{\headheight}{13.59999pt}.
(fancyhdr)                You might also make \topmargin smaller:
(fancyhdr)                \addtolength{\topmargin}{-1.59999pt}.

[374]
Overfull \hbox (8.15361pt too wide) in paragraph at lines 14751--14758
\T1/ppl/m/n/10.95 es-sen-tially ac-knowl-edged these ex-ist-ing ar-range-ments 
rather than
 []


Overfull \hbox (4.15692pt too wide) in paragraph at lines 14759--14765
\T1/ppl/m/n/10.95 oth-er-wise have pre-ferred con-tin-ued im-pe-rial con-nec-ti
on for sym-
 []




Package fancyhdr Warning: \headheight is too small (12.0pt): 
(fancyhdr)                Make it at least 13.59999pt, for example:
(fancyhdr)                \setlength{\headheight}{13.59999pt}.
(fancyhdr)                You might also make \topmargin smaller:
(fancyhdr)                \addtolength{\topmargin}{-1.59999pt}.

[375]


Package fancyhdr Warning: \headheight is too small (12.0pt): 
(fancyhdr)                Make it at least 13.59999pt, for example:
(fancyhdr)                \setlength{\headheight}{13.59999pt}.
(fancyhdr)                You might also make \topmargin smaller:
(fancyhdr)                \addtolength{\topmargin}{-1.59999pt}.

[376]
Overfull \hbox (2.73337pt too wide) in paragraph at lines 14802--14809
\T1/ppl/m/n/10.95 as-so-ci-a-tion with im-pe-rial power and whether their achie
ve-ments
 []


Overfull \hbox (2.37218pt too wide) in paragraph at lines 14829--14836
\T1/ppl/m/n/10.95 riod was both sober-ing and lib-er-at-ing. Sober-ing be-cause
 it forced
 []




Package fancyhdr Warning: \headheight is too small (12.0pt): 
(fancyhdr)                Make it at least 13.59999pt, for example:
(fancyhdr)                \setlength{\headheight}{13.59999pt}.
(fancyhdr)                You might also make \topmargin smaller:
(fancyhdr)                \addtolength{\topmargin}{-1.59999pt}.

[377]


Package fancyhdr Warning: \headheight is too small (12.0pt): 
(fancyhdr)                Make it at least 13.59999pt, for example:
(fancyhdr)                \setlength{\headheight}{13.59999pt}.
(fancyhdr)                You might also make \topmargin smaller:
(fancyhdr)                \addtolength{\topmargin}{-1.59999pt}.

[378]
Overfull \hbox (5.00034pt too wide) in paragraph at lines 14883--14890
\T1/ppl/m/n/10.95 elab-o-rate com-mu-ni-ca-tions net-work that had en-abled co-
or-di-nated
 []


Overfull \hbox (1.08629pt too wide) in paragraph at lines 14908--14915
[]\T1/ppl/m/n/10.95 The eco-nomic im-pli-ca-tions of Road-Warden dis-so-lu-tion
 were
 []


Overfull \hbox (7.56279pt too wide) in paragraph at lines 14908--14915
\T1/ppl/m/n/10.95 im-me-di-ate and sig-nif-i-cant. Lo-cal com-mu-ni-ties that h
ad de-pended
 []


Overfull \hbox (7.74858pt too wide) in paragraph at lines 14908--14915
\T1/ppl/m/n/10.95 roads were al-lowed to de-te-ri-o-rate be-cause lo-cal pop-u-
la-tions could
 []




Package fancyhdr Warning: \headheight is too small (12.0pt): 
(fancyhdr)                Make it at least 13.59999pt, for example:
(fancyhdr)                \setlength{\headheight}{13.59999pt}.
(fancyhdr)                You might also make \topmargin smaller:
(fancyhdr)                \addtolength{\topmargin}{-1.59999pt}.

[379]
Overfull \hbox (1.11896pt too wide) in paragraph at lines 14916--14923
[]\T1/ppl/m/n/10.95 The vari-a-tions in lo-cal re-sponse cre-ated a patch-work 
of trans-
 []


Overfull \hbox (1.89073pt too wide) in paragraph at lines 14951--14957
\T1/ppl/m/it/10.95 were put out, many records were lost forever---particularly
 []




Package fancyhdr Warning: \headheight is too small (12.0pt): 
(fancyhdr)                Make it at least 13.59999pt, for example:
(fancyhdr)                \setlength{\headheight}{13.59999pt}.
(fancyhdr)                You might also make \topmargin smaller:
(fancyhdr)                \addtolength{\topmargin}{-1.59999pt}.

[380]


Package fancyhdr Warning: \headheight is too small (12.0pt): 
(fancyhdr)                Make it at least 13.59999pt, for example:
(fancyhdr)                \setlength{\headheight}{13.59999pt}.
(fancyhdr)                You might also make \topmargin smaller:
(fancyhdr)                \addtolength{\topmargin}{-1.59999pt}.

[381]
Overfull \hbox (3.80621pt too wide) in paragraph at lines 14997--15005
\T1/ppl/m/it/10.95 all pub-lic as-sem-blies of more than twelve per-sons are he
reby
 []


Overfull \hbox (3.93802pt too wide) in paragraph at lines 15027--15034
\T1/ppl/m/n/10.95 pro-lif-er-a-tion of as-sem-blies through-out the for-mer em-
pire as com-
 []




Package fancyhdr Warning: \headheight is too small (12.0pt): 
(fancyhdr)                Make it at least 13.59999pt, for example:
(fancyhdr)                \setlength{\headheight}{13.59999pt}.
(fancyhdr)                You might also make \topmargin smaller:
(fancyhdr)                \addtolength{\topmargin}{-1.59999pt}.

[382]
Overfull \hbox (2.8211pt too wide) in paragraph at lines 15035--15045
\T1/ppl/m/n/10.95 army or-ga-ni-za-tional struc-tures, with lead-er-ship se-lec
ted through
 []


Overfull \hbox (9.02457pt too wide) in paragraph at lines 15057--15064
[]\T1/ppl/m/n/10.95 The as-sem-blies de-vel-oped their own com-mu-ni-ca-tion ne
t-works
 []




Package fancyhdr Warning: \headheight is too small (12.0pt): 
(fancyhdr)                Make it at least 13.59999pt, for example:
(fancyhdr)                \setlength{\headheight}{13.59999pt}.
(fancyhdr)                You might also make \topmargin smaller:
(fancyhdr)                \addtolength{\topmargin}{-1.59999pt}.

[383]
Overfull \hbox (0.34651pt too wide) in paragraph at lines 15093--15101
\T1/ppl/m/n/10.95 blies made de-ci-sions that com-mu-nity mem-bers sup-ported, 
those
 []




Package fancyhdr Warning: \headheight is too small (12.0pt): 
(fancyhdr)                Make it at least 13.59999pt, for example:
(fancyhdr)                \setlength{\headheight}{13.59999pt}.
(fancyhdr)                You might also make \topmargin smaller:
(fancyhdr)                \addtolength{\topmargin}{-1.59999pt}.

[384]
Overfull \hbox (19.65103pt too wide) in paragraph at lines 15132--15139
\T1/ppl/m/n/10.95 found them-selves re-quired to par-tic-i-pate in as-sem-blies
 and decision-
 []




Package fancyhdr Warning: \headheight is too small (12.0pt): 
(fancyhdr)                Make it at least 13.59999pt, for example:
(fancyhdr)                \setlength{\headheight}{13.59999pt}.
(fancyhdr)                You might also make \topmargin smaller:
(fancyhdr)                \addtolength{\topmargin}{-1.59999pt}.

[385]
Overfull \hbox (1.10818pt too wide) in paragraph at lines 15169--15175
[]\T1/ppl/m/n/10.95 The trans-for-ma-tion of the cap-i-tal was per-haps more dr
a-matic
 []


Overfull \hbox (3.0511pt too wide) in paragraph at lines 15169--15175
\T1/ppl/m/n/10.95 range-ments, but the cap-i-tal had been es-sen-tially a com-p
any town
 []


Overfull \hbox (1.24455pt too wide) in paragraph at lines 15176--15183
\T1/ppl/m/n/10.95 bers. Those who re-mained were pri-mar-ily in-di-vid-u-als wi
th deep
 []




Package fancyhdr Warning: \headheight is too small (12.0pt): 
(fancyhdr)                Make it at least 13.59999pt, for example:
(fancyhdr)                \setlength{\headheight}{13.59999pt}.
(fancyhdr)                You might also make \topmargin smaller:
(fancyhdr)                \addtolength{\topmargin}{-1.59999pt}.

[386]


Package fancyhdr Warning: \headheight is too small (12.0pt): 
(fancyhdr)                Make it at least 13.59999pt, for example:
(fancyhdr)                \setlength{\headheight}{13.59999pt}.
(fancyhdr)                You might also make \topmargin smaller:
(fancyhdr)                \addtolength{\topmargin}{-1.59999pt}.

[387]
Overfull \hbox (0.67532pt too wide) in paragraph at lines 15223--15230
\T1/ppl/m/n/10.95 of ru-ral val-ues over ur-ban ar-range-ments. Many in-di-vid-
u-als who
 []


Overfull \hbox (9.30333pt too wide) in paragraph at lines 15243--15251
\T1/ppl/m/n/10.95 brought ad-min-is-tra-tive and or-ga-ni-za-tional skills that
 proved valu-
 []


Overfull \hbox (11.07713pt too wide) in paragraph at lines 15243--15251
\T1/ppl/m/n/10.95 men-tal struc-tures. They of-ten had ex-pe-ri-ence with recor
d-keeping,
 []




Package fancyhdr Warning: \headheight is too small (12.0pt): 
(fancyhdr)                Make it at least 13.59999pt, for example:
(fancyhdr)                \setlength{\headheight}{13.59999pt}.
(fancyhdr)                You might also make \topmargin smaller:
(fancyhdr)                \addtolength{\topmargin}{-1.59999pt}.

[388]
Overfull \hbox (7.05402pt too wide) in paragraph at lines 15271--15278
[]\T1/ppl/m/n/10.95 The aban-doned en-force-ment at-tempt marked the fi-nal dem
on-
 []




Package fancyhdr Warning: \headheight is too small (12.0pt): 
(fancyhdr)                Make it at least 13.59999pt, for example:
(fancyhdr)                \setlength{\headheight}{13.59999pt}.
(fancyhdr)                You might also make \topmargin smaller:
(fancyhdr)                \addtolength{\topmargin}{-1.59999pt}.

[389]


Package fancyhdr Warning: \headheight is too small (12.0pt): 
(fancyhdr)                Make it at least 13.59999pt, for example:
(fancyhdr)                \setlength{\headheight}{13.59999pt}.
(fancyhdr)                You might also make \topmargin smaller:
(fancyhdr)                \addtolength{\topmargin}{-1.59999pt}.

[390]
Overfull \hbox (1.27193pt too wide) in paragraph at lines 15349--15355
[]\T1/ppl/m/n/10.95 The prac-ti-cal con-se-quences ex-tended through-out the re
-main-
 []




Package fancyhdr Warning: \headheight is too small (12.0pt): 
(fancyhdr)                Make it at least 13.59999pt, for example:
(fancyhdr)                \setlength{\headheight}{13.59999pt}.
(fancyhdr)                You might also make \topmargin smaller:
(fancyhdr)                \addtolength{\topmargin}{-1.59999pt}.

[391]


Package fancyhdr Warning: \headheight is too small (12.0pt): 
(fancyhdr)                Make it at least 13.59999pt, for example:
(fancyhdr)                \setlength{\headheight}{13.59999pt}.
(fancyhdr)                You might also make \topmargin smaller:
(fancyhdr)                \addtolength{\topmargin}{-1.59999pt}.

[392]


Package fancyhdr Warning: \headheight is too small (12.0pt): 
(fancyhdr)                Make it at least 13.59999pt, for example:
(fancyhdr)                \setlength{\headheight}{13.59999pt}.
(fancyhdr)                You might also make \topmargin smaller:
(fancyhdr)                \addtolength{\topmargin}{-1.59999pt}.

[393]
Overfull \hbox (5.9368pt too wide) in paragraph at lines 15460--15468
[]\T1/ppl/m/n/10.95 Former im-pe-rial of-fi-cials faced per-haps the most dif-f
i-cult tran-
 []




Package fancyhdr Warning: \headheight is too small (12.0pt): 
(fancyhdr)                Make it at least 13.59999pt, for example:
(fancyhdr)                \setlength{\headheight}{13.59999pt}.
(fancyhdr)                You might also make \topmargin smaller:
(fancyhdr)                \addtolength{\topmargin}{-1.59999pt}.

[394]
Overfull \hbox (5.29576pt too wide) in paragraph at lines 15507--15515
\T1/ppl/m/n/10.95 on nearly ev-ery-one who had par-tic-i-pated in im-pe-rial go
v-er-nance. 
 []


Overfull \hbox (10.86917pt too wide) in paragraph at lines 15535--15543
\T1/ppl/m/n/10.95 quences for the emerg-ing post-imperial gov-ern-ments. Le-gal
 prece-
 []




Package fancyhdr Warning: \headheight is too small (12.0pt): 
(fancyhdr)                Make it at least 13.59999pt, for example:
(fancyhdr)                \setlength{\headheight}{13.59999pt}.
(fancyhdr)                You might also make \topmargin smaller:
(fancyhdr)                \addtolength{\topmargin}{-1.59999pt}.

[395]
Overfull \hbox (7.60628pt too wide) in paragraph at lines 15564--15573
\T1/ppl/m/n/10.95 held com-mu-nity dis-cus-sions that con-cluded with con-sen-s
us state-
 []


Overfull \hbox (29.86716pt too wide) in paragraph at lines 15564--15573
\T1/ppl/m/n/10.95 ments re-ject-ing im-pe-rial au-thor-ity and af-firm-ing lo-c
al self-governance. 
 []




Package fancyhdr Warning: \headheight is too small (12.0pt): 
(fancyhdr)                Make it at least 13.59999pt, for example:
(fancyhdr)                \setlength{\headheight}{13.59999pt}.
(fancyhdr)                You might also make \topmargin smaller:
(fancyhdr)                \addtolength{\topmargin}{-1.59999pt}.

[396]
Overfull \hbox (2.02124pt too wide) in paragraph at lines 15595--15603
\T1/ppl/m/n/10.95 im-pe-rial gov-er-nance that might in-form fu-ture po-lit-i-c
al de-ci-sions.
 []


Overfull \hbox (5.88753pt too wide) in paragraph at lines 15604--15611
\T1/ppl/m/n/10.95 ence had been less com-pre-hen-sive than of-fi-cial records s
ug-gested.
 []




Package fancyhdr Warning: \headheight is too small (12.0pt): 
(fancyhdr)                Make it at least 13.59999pt, for example:
(fancyhdr)                \setlength{\headheight}{13.59999pt}.
(fancyhdr)                You might also make \topmargin smaller:
(fancyhdr)                \addtolength{\topmargin}{-1.59999pt}.

[397]
Overfull \hbox (1.22269pt too wide) in paragraph at lines 15655--15664
\T1/ppl/m/n/10.95 used for ma-jor im-pe-rial an-nounce-ments. The au-di-ence co
n-sisted
 []




Package fancyhdr Warning: \headheight is too small (12.0pt): 
(fancyhdr)                Make it at least 13.59999pt, for example:
(fancyhdr)                \setlength{\headheight}{13.59999pt}.
(fancyhdr)                You might also make \topmargin smaller:
(fancyhdr)                \addtolength{\topmargin}{-1.59999pt}.

[398]


Package fancyhdr Warning: \headheight is too small (12.0pt): 
(fancyhdr)                Make it at least 13.59999pt, for example:
(fancyhdr)                \setlength{\headheight}{13.59999pt}.
(fancyhdr)                You might also make \topmargin smaller:
(fancyhdr)                \addtolength{\topmargin}{-1.59999pt}.

[399]
Overfull \hbox (1.06447pt too wide) in paragraph at lines 15722--15728
[]\T1/ppl/m/n/10.95 The Banner-Lord\TS1/ppl/m/n/10.95 '\T1/ppl/m/n/10.95 s fi-n
al pub-lic ap-pear-ance was a brief speech
 []




Package fancyhdr Warning: \headheight is too small (12.0pt): 
(fancyhdr)                Make it at least 13.59999pt, for example:
(fancyhdr)                \setlength{\headheight}{13.59999pt}.
(fancyhdr)                You might also make \topmargin smaller:
(fancyhdr)                \addtolength{\topmargin}{-1.59999pt}.

[400]
Overfull \hbox (2.10931pt too wide) in paragraph at lines 15762--15769
\T1/ppl/m/n/10.95 na-tives be-fore im-pe-rial au-thor-ity was for-mally ter-mi-
nated. More
 []




Package fancyhdr Warning: \headheight is too small (12.0pt): 
(fancyhdr)                Make it at least 13.59999pt, for example:
(fancyhdr)                \setlength{\headheight}{13.59999pt}.
(fancyhdr)                You might also make \topmargin smaller:
(fancyhdr)                \addtolength{\topmargin}{-1.59999pt}.

[401]


Package fancyhdr Warning: \headheight is too small (12.0pt): 
(fancyhdr)                Make it at least 13.59999pt, for example:
(fancyhdr)                \setlength{\headheight}{13.59999pt}.
(fancyhdr)                You might also make \topmargin smaller:
(fancyhdr)                \addtolength{\topmargin}{-1.59999pt}.

[402]
Overfull \hbox (5.89801pt too wide) in paragraph at lines 15848--15857
\T1/ppl/m/n/10.95 tive decision-making dur-ing the dis-so-lu-tion pro-cess be-c
ame char-
 []




Package fancyhdr Warning: \headheight is too small (12.0pt): 
(fancyhdr)                Make it at least 13.59999pt, for example:
(fancyhdr)                \setlength{\headheight}{13.59999pt}.
(fancyhdr)                You might also make \topmargin smaller:
(fancyhdr)                \addtolength{\topmargin}{-1.59999pt}.

[403]
Overfull \hbox (13.54118pt too wide) in paragraph at lines 15858--15866
\T1/ppl/m/n/10.95 gov-er-nance and self-governance, the over-whelm-ing ma-jor-i
ty chose
 []




Package fancyhdr Warning: \headheight is too small (12.0pt): 
(fancyhdr)                Make it at least 13.59999pt, for example:
(fancyhdr)                \setlength{\headheight}{13.59999pt}.
(fancyhdr)                You might also make \topmargin smaller:
(fancyhdr)                \addtolength{\topmargin}{-1.59999pt}.

[404]
Overfull \hbox (1.68207pt too wide) in paragraph at lines 15893--15899
\T1/ppl/m/n/10.95 pe-rial au-thor-ity now re-quired sep-a-rate ne-go-ti-a-tions
 be-tween dif-
 []


Overfull \hbox (5.08745pt too wide) in paragraph at lines 15919--15926
\T1/ppl/m/n/10.95 times trau-matic, but it also re-leased ca-pac-i-ties for sel
f-governance
 []


Overfull \hbox (10.13586pt too wide) in paragraph at lines 15929--15936
\T1/ppl/m/n/10.95 build-ings, archives---remained as mon-u-ments to im-pe-rial 
achieve-
 []




Package fancyhdr Warning: \headheight is too small (12.0pt): 
(fancyhdr)                Make it at least 13.59999pt, for example:
(fancyhdr)                \setlength{\headheight}{13.59999pt}.
(fancyhdr)                You might also make \topmargin smaller:
(fancyhdr)                \addtolength{\topmargin}{-1.59999pt}.

[405]
Overfull \hbox (3.4012pt too wide) in paragraph at lines 15937--15945
\T1/ppl/m/n/10.95 suc-ces-sor gov-ern-ments sought to recre-ate im-pe-rial unit
y through
 []


Overfull \hbox (13.55724pt too wide) in paragraph at lines 15946--15955
[]\T1/ppl/m/n/10.95 The ques-tion of im-pe-rial legacy would oc-cupy po-lit-i-c
al thinkers
 []


Overfull \hbox (4.84775pt too wide) in paragraph at lines 15957--15966
\T1/ppl/m/it/10.95 But the judg-ment would be made by peo-ple who had learned
 []


Overfull \hbox (0.48946pt too wide) in paragraph at lines 15957--15966
\T1/ppl/m/it/10.95 rial ex-per-i-ment more harshly than those who lived through

 []




Package fancyhdr Warning: \headheight is too small (12.0pt): 
(fancyhdr)                Make it at least 13.59999pt, for example:
(fancyhdr)                \setlength{\headheight}{13.59999pt}.
(fancyhdr)                You might also make \topmargin smaller:
(fancyhdr)                \addtolength{\topmargin}{-1.59999pt}.

[406]
Overfull \hbox (1.62257pt too wide) in paragraph at lines 15979--15988
[]\T1/ppl/m/n/10.95 The em-pire\TS1/ppl/m/n/10.95 '\T1/ppl/m/n/10.95 s great-es
t achieve-ment may have been its demon-
 []


Overfull \hbox (3.83961pt too wide) in paragraph at lines 15979--15988
\T1/ppl/m/n/10.95 more suc-cess-ful than the im-pe-rial sys-tem they re-placed 
re-mained
 []




Package fancyhdr Warning: \headheight is too small (12.0pt): 
(fancyhdr)                Make it at least 13.59999pt, for example:
(fancyhdr)                \setlength{\headheight}{13.59999pt}.
(fancyhdr)                You might also make \topmargin smaller:
(fancyhdr)                \addtolength{\topmargin}{-1.59999pt}.

[407]


Package fancyhdr Warning: \headheight is too small (12.0pt): 
(fancyhdr)                Make it at least 13.59999pt, for example:
(fancyhdr)                \setlength{\headheight}{13.59999pt}.
(fancyhdr)                You might also make \topmargin smaller:
(fancyhdr)                \addtolength{\topmargin}{-1.59999pt}.

[408]
Overfull \hbox (0.67006pt too wide) in paragraph at lines 16088--16095
[]\T1/ppl/m/n/10.95 The great en-gi-neer-ing works---bridges, tun-nels, aqueduc
ts---
 []




Package fancyhdr Warning: \headheight is too small (12.0pt): 
(fancyhdr)                Make it at least 13.59999pt, for example:
(fancyhdr)                \setlength{\headheight}{13.59999pt}.
(fancyhdr)                You might also make \topmargin smaller:
(fancyhdr)                \addtolength{\topmargin}{-1.59999pt}.

[409]
Overfull \hbox (5.2632pt too wide) in paragraph at lines 16096--16103
\T1/ppl/m/n/10.95 sources and or-ga-ni-za-tion to main-tain com-plex en-gi-neer
-ing works
 []


Overfull \hbox (5.27399pt too wide) in paragraph at lines 16115--16122
\T1/ppl/m/n/10.95 ob-jects of con-sid-er-able con-tro-versy. Some suc-ces-sor g
ov-ern-ments
 []


Overfull \hbox (1.41982pt too wide) in paragraph at lines 16115--16122
\T1/ppl/m/n/10.95 de-manded ac-cess to ad-min-is-tra-tive records that might he
lp them
 []


Overfull \hbox (2.91441pt too wide) in paragraph at lines 16123--16130
[]\T1/ppl/m/n/10.95 The de-bate over the archives re-vealed deeper ques-tions a
bout
 []




Package fancyhdr Warning: \headheight is too small (12.0pt): 
(fancyhdr)                Make it at least 13.59999pt, for example:
(fancyhdr)                \setlength{\headheight}{13.59999pt}.
(fancyhdr)                You might also make \topmargin smaller:
(fancyhdr)                \addtolength{\topmargin}{-1.59999pt}.

[410]
Overfull \hbox (4.0973pt too wide) in paragraph at lines 16150--16156
[]\T1/ppl/m/n/10.95 Commercial cen-ters ex-per-i-mented with var-i-ous forms of
 mer-
 []




Package fancyhdr Warning: \headheight is too small (12.0pt): 
(fancyhdr)                Make it at least 13.59999pt, for example:
(fancyhdr)                \setlength{\headheight}{13.59999pt}.
(fancyhdr)                You might also make \topmargin smaller:
(fancyhdr)                \addtolength{\topmargin}{-1.59999pt}.

[411]
Overfull \hbox (4.42992pt too wide) in paragraph at lines 16194--16201
\T1/ppl/m/n/10.95 ri-to-ries. Schol-arly in-sti-tu-tions were es-tab-lished as 
inter-territorial
 []




Package fancyhdr Warning: \headheight is too small (12.0pt): 
(fancyhdr)                Make it at least 13.59999pt, for example:
(fancyhdr)                \setlength{\headheight}{13.59999pt}.
(fancyhdr)                You might also make \topmargin smaller:
(fancyhdr)                \addtolength{\topmargin}{-1.59999pt}.

[412]
Overfull \hbox (3.7462pt too wide) in paragraph at lines 16219--16227
[]\T1/ppl/m/n/10.95 The con-fed-er-a-tion ex-per-i-ment proved par-tially suc-c
ess-ful but
 []


Overfull \hbox (1.05768pt too wide) in paragraph at lines 16228--16235
\T1/ppl/m/n/10.95 tain-able al-ter-na-tives that could cap-ture the ben-e-fits 
of large-scale
 []




Package fancyhdr Warning: \headheight is too small (12.0pt): 
(fancyhdr)                Make it at least 13.59999pt, for example:
(fancyhdr)                \setlength{\headheight}{13.59999pt}.
(fancyhdr)                You might also make \topmargin smaller:
(fancyhdr)                \addtolength{\topmargin}{-1.59999pt}.

[413]
Overfull \hbox (0.43387pt too wide) in paragraph at lines 16272--16280
\T1/ppl/m/n/10.95 which as-pects of im-pe-rial civ-i-liza-tion de-served preser
-va-tion and
 []




Package fancyhdr Warning: \headheight is too small (12.0pt): 
(fancyhdr)                Make it at least 13.59999pt, for example:
(fancyhdr)                \setlength{\headheight}{13.59999pt}.
(fancyhdr)                You might also make \topmargin smaller:
(fancyhdr)                \addtolength{\topmargin}{-1.59999pt}.

[414]


Package fancyhdr Warning: \headheight is too small (12.0pt): 
(fancyhdr)                Make it at least 13.59999pt, for example:
(fancyhdr)                \setlength{\headheight}{13.59999pt}.
(fancyhdr)                You might also make \topmargin smaller:
(fancyhdr)                \addtolength{\topmargin}{-1.59999pt}.

[415]
Overfull \hbox (1.8303pt too wide) in paragraph at lines 16356--16363
[]\T1/ppl/m/n/10.95 The post-imperial pe-riod was demon-strat-ing sim-i-lar pat
-terns
 []


Overfull \hbox (9.87288pt too wide) in paragraph at lines 16356--16363
\T1/ppl/m/n/10.95 in re-verse. De-cen-tral-ized, vol-un-tary sys-tems proved hi
ghly adapt-
 []




Package fancyhdr Warning: \headheight is too small (12.0pt): 
(fancyhdr)                Make it at least 13.59999pt, for example:
(fancyhdr)                \setlength{\headheight}{13.59999pt}.
(fancyhdr)                You might also make \topmargin smaller:
(fancyhdr)                \addtolength{\topmargin}{-1.59999pt}.

[416]
Overfull \hbox (12.9389pt too wide) in paragraph at lines 16378--16385
\T1/ppl/m/n/10.95 as plat-forms for what-ever ban-ners fu-ture gen-er-a-tions m
ight choose
 []




Package fancyhdr Warning: \headheight is too small (12.0pt): 
(fancyhdr)                Make it at least 13.59999pt, for example:
(fancyhdr)                \setlength{\headheight}{13.59999pt}.
(fancyhdr)                You might also make \topmargin smaller:
(fancyhdr)                \addtolength{\topmargin}{-1.59999pt}.

[417]
Overfull \hbox (14.6471pt too wide) in paragraph at lines 16403--16410
\T1/ppl/m/n/10.95 world con-tin-ued, dif-fer-ent but not nec-es-sar-ily di-min-
ished, changed
 []


Overfull \hbox (0.49965pt too wide) in paragraph at lines 16412--16423
\T1/ppl/m/it/10.95 else\TS1/ppl/m/it/10.95 '\T1/ppl/m/it/10.95 s taste. The hou
se was beau-ti-ful and well-constructed,
 []


Overfull \hbox (6.18254pt too wide) in paragraph at lines 16427--16436
\T1/ppl/m/n/10.95 main-tain-ing their own chronolo-gies and in-ter-pre-ta-tions
 of events.
 []


Overfull \hbox (0.52144pt too wide) in paragraph at lines 16439--16448
\T1/ppl/m/n/10.95 lapse can-not be pre-cisely cal-cu-lated. Spe-cial-ized knowl
-edge that
 []


Overfull \hbox (18.45766pt too wide) in paragraph at lines 16439--16448
\T1/ppl/m/n/10.95 tra-di-tions that had de-pended on im-pe-rial pa-tron-age end
ed abruptly.
 []




Package fancyhdr Warning: \headheight is too small (12.0pt): 
(fancyhdr)                Make it at least 13.59999pt, for example:
(fancyhdr)                \setlength{\headheight}{13.59999pt}.
(fancyhdr)                You might also make \topmargin smaller:
(fancyhdr)                \addtolength{\topmargin}{-1.59999pt}.

[418]
Underfull \vbox (badness 10000) has occurred while \output is active []




Package fancyhdr Warning: \headheight is too small (12.0pt): 
(fancyhdr)                Make it at least 13.59999pt, for example:
(fancyhdr)                \setlength{\headheight}{13.59999pt}.
(fancyhdr)                You might also make \topmargin smaller:
(fancyhdr)                \addtolength{\topmargin}{-1.59999pt}.

[419]
Overfull \hbox (19.40057pt too wide) in paragraph at lines 16488--16491
[]\T1/ppl/m/n/10.95 FE-TA-B3-EDI-002 through FE-TA-B3-EDI-067: Im-pe-rial edict
s
 []


Overfull \hbox (8.74655pt too wide) in paragraph at lines 16491--16493
[]\T1/ppl/m/n/10.95 FE-TA-B3-WIT-008 through FE-TA-B3-WIT-108: Wit-ness tes-
 []


Overfull \hbox (10.15886pt too wide) in paragraph at lines 16503--16506
[]\T1/ppl/m/n/10.95 FE-TA-B3-WIT-128 through FE-TA-B3-WIT-201: First-person
 []


Overfull \hbox (9.20627pt too wide) in paragraph at lines 16523--16524
[]\T1/ppl/m/n/10.95 FE-LA-B3-EDI-022, 051: Found-ing doc-u-ments of pro-vi-sion
al
 []


Overfull \hbox (5.16599pt too wide) in paragraph at lines 16531--16534
[]\T1/ppl/m/n/10.95 FE-LA-B3-EDI-131 through FE-LA-B3-EDI-200: Dis-so-lu-tion
 []


Overfull \hbox (30.37221pt too wide) in paragraph at lines 16545--16548
[]\T1/ppl/m/n/10.95 FE-LA-B3-ANN-301 through FE-LA-B3-ANN-350: Post-imperial
 []




Package fancyhdr Warning: \headheight is too small (12.0pt): 
(fancyhdr)                Make it at least 13.59999pt, for example:
(fancyhdr)                \setlength{\headheight}{13.59999pt}.
(fancyhdr)                You might also make \topmargin smaller:
(fancyhdr)                \addtolength{\topmargin}{-1.59999pt}.

[420]
Overfull \hbox (3.04088pt too wide) in paragraph at lines 16584--16596
\T1/ppl/m/n/10.95 from the threads of hu-man choice and cir-cum-stance. The Ban
ner-
 []




Package fancyhdr Warning: \headheight is too small (12.0pt): 
(fancyhdr)                Make it at least 13.59999pt, for example:
(fancyhdr)                \setlength{\headheight}{13.59999pt}.
(fancyhdr)                You might also make \topmargin smaller:
(fancyhdr)                \addtolength{\topmargin}{-1.59999pt}.

[421]
Overfull \hbox (14.93546pt too wide) in paragraph at lines 16613--16613
[]\T1/ppl/b/n/14.4 Supplementary: The Road-Warden\TS1/ppl/b/n/14.4 '\T1/ppl/b/n
/14.4 s Mutiny 
 []




Package fancyhdr Warning: \headheight is too small (12.0pt): 
(fancyhdr)                Make it at least 13.59999pt, for example:
(fancyhdr)                \setlength{\headheight}{13.59999pt}.
(fancyhdr)                You might also make \topmargin smaller:
(fancyhdr)                \addtolength{\topmargin}{-1.59999pt}.

[422]
Overfull \hbox (1.06998pt too wide) in paragraph at lines 16664--16672
\T1/ppl/m/it/10.95 Cross-ing, an old woman ap-proached me---bent nearly dou-
 []




Package fancyhdr Warning: \headheight is too small (12.0pt): 
(fancyhdr)                Make it at least 13.59999pt, for example:
(fancyhdr)                \setlength{\headheight}{13.59999pt}.
(fancyhdr)                You might also make \topmargin smaller:
(fancyhdr)                \addtolength{\topmargin}{-1.59999pt}.

[423]
Overfull \hbox (12.03093pt too wide) in paragraph at lines 16712--16719
[]\T1/ppl/m/it/10.95 The miller---Thomas Millwright---stepped for-ward when
 []




Package fancyhdr Warning: \headheight is too small (12.0pt): 
(fancyhdr)                Make it at least 13.59999pt, for example:
(fancyhdr)                \setlength{\headheight}{13.59999pt}.
(fancyhdr)                You might also make \topmargin smaller:
(fancyhdr)                \addtolength{\topmargin}{-1.59999pt}.

[424]


Package fancyhdr Warning: \headheight is too small (12.0pt): 
(fancyhdr)                Make it at least 13.59999pt, for example:
(fancyhdr)                \setlength{\headheight}{13.59999pt}.
(fancyhdr)                You might also make \topmargin smaller:
(fancyhdr)                \addtolength{\topmargin}{-1.59999pt}.

[425]
Overfull \hbox (2.56424pt too wide) in paragraph at lines 16767--16774
[]\T1/ppl/m/n/10.95 Of the forty-three men un-der Kel-lan\TS1/ppl/m/n/10.95 '\T
1/ppl/m/n/10.95 s com-mand, thirty-seven
 []


Overfull \hbox (0.62082pt too wide) in paragraph at lines 16787--16793
[]\T1/ppl/m/it/10.95 The worst part wasn\TS1/ppl/m/it/10.95 '\T1/ppl/m/it/10.95
 t the mutiny itself---soldiers have
 []




Package fancyhdr Warning: \headheight is too small (12.0pt): 
(fancyhdr)                Make it at least 13.59999pt, for example:
(fancyhdr)                \setlength{\headheight}{13.59999pt}.
(fancyhdr)                You might also make \topmargin smaller:
(fancyhdr)                \addtolength{\topmargin}{-1.59999pt}.

[426]
Overfull \hbox (8.9422pt too wide) in paragraph at lines 16805--16812
\T1/ppl/m/n/10.95 with the same ef-fi-ciency that had once car-ried im-pe-rial 
dis-patches,
 []


Overfull \hbox (5.92598pt too wide) in paragraph at lines 16813--16820
[]\T1/ppl/m/n/10.95 The math-e-mat-i-cal pre-ci-sion of Kel-lan\TS1/ppl/m/n/10.
95 '\T1/ppl/m/n/10.95 s ap-proach proved more
 []


Overfull \hbox (9.45724pt too wide) in paragraph at lines 16835--16841
[]\T1/ppl/m/it/10.95 To who-ever finds this record: I die with-out re-gret, tho
ugh
 []




Package fancyhdr Warning: \headheight is too small (12.0pt): 
(fancyhdr)                Make it at least 13.59999pt, for example:
(fancyhdr)                \setlength{\headheight}{13.59999pt}.
(fancyhdr)                You might also make \topmargin smaller:
(fancyhdr)                \addtolength{\topmargin}{-1.59999pt}.

[427]
Overfull \hbox (8.39479pt too wide) in paragraph at lines 16857--16866
\T1/ppl/m/n/10.95 con-tin-ued to spread through the em-pire\TS1/ppl/m/n/10.95 '
\T1/ppl/m/n/10.95 s dy-ing net-works, prepar-
 []


Overfull \hbox (9.40591pt too wide) in paragraph at lines 16868--16868
[]\T1/ppl/b/n/14.4 Supplementary: The Lantern Ri-ots --- Three
 []


Overfull \hbox (1.17905pt too wide) in paragraph at lines 16872--16881
\T1/ppl/m/n/10.95 worlds grew thin enough for love to reach across the fi-nal t
hresh-
 []




Package fancyhdr Warning: \headheight is too small (12.0pt): 
(fancyhdr)                Make it at least 13.59999pt, for example:
(fancyhdr)                \setlength{\headheight}{13.59999pt}.
(fancyhdr)                You might also make \topmargin smaller:
(fancyhdr)                \addtolength{\topmargin}{-1.59999pt}.

[428]
Overfull \hbox (0.33568pt too wide) in paragraph at lines 16882--16890
\T1/ppl/m/n/10.95 ing and lo-cal gov-er-nors more con-cerned with se-cur-ing th
eir own
 []


Overfull \hbox (5.31758pt too wide) in paragraph at lines 16882--16890
\T1/ppl/m/n/10.95 cap-i-tal, old tra-di-tions be-gan to resur-face like spring 
flow-ers push-
 []


Overfull \hbox (0.58786pt too wide) in paragraph at lines 16905--16912
\T1/ppl/m/n/10.95 Each lantern bore the name of some-one lost---in the end-less
 fron-
 []




Package fancyhdr Warning: \headheight is too small (12.0pt): 
(fancyhdr)                Make it at least 13.59999pt, for example:
(fancyhdr)                \setlength{\headheight}{13.59999pt}.
(fancyhdr)                You might also make \topmargin smaller:
(fancyhdr)                \addtolength{\topmargin}{-1.59999pt}.

[429]
Overfull \hbox (16.44296pt too wide) in paragraph at lines 16956--16965
\T1/ppl/m/n/10.95 drink-ing since sunset---not un-usual for him dur-ing the dar
k months
 []




Package fancyhdr Warning: \headheight is too small (12.0pt): 
(fancyhdr)                Make it at least 13.59999pt, for example:
(fancyhdr)                \setlength{\headheight}{13.59999pt}.
(fancyhdr)                You might also make \topmargin smaller:
(fancyhdr)                \addtolength{\topmargin}{-1.59999pt}.

[430]
Overfull \hbox (2.87569pt too wide) in paragraph at lines 16966--16972
\T1/ppl/m/n/10.95 po-ten-tially dan-ger-ous con-cen-tra-tion of cit-i-zens en-g
aged in unau-
 []


Overfull \hbox (14.2865pt too wide) in paragraph at lines 16966--16972
\T1/ppl/m/n/10.95 tho-rized as-sem-bly. What the crowd saw when the sol-diers m
arched
 []


Overfull \hbox (1.25552pt too wide) in paragraph at lines 16973--16981
\T1/ppl/m/n/10.95 her grand-daugh-ter about the brother who had died in the Pla
gue
 []




Package fancyhdr Warning: \headheight is too small (12.0pt): 
(fancyhdr)                Make it at least 13.59999pt, for example:
(fancyhdr)                \setlength{\headheight}{13.59999pt}.
(fancyhdr)                You might also make \topmargin smaller:
(fancyhdr)                \addtolength{\topmargin}{-1.59999pt}.

[431]
Overfull \hbox (9.49525pt too wide) in paragraph at lines 17013--17022
[]\T1/ppl/m/n/10.95 The vi-o-lence that fol-lowed was brief but trans-for-ma-ti
ve. When
 []




Package fancyhdr Warning: \headheight is too small (12.0pt): 
(fancyhdr)                Make it at least 13.59999pt, for example:
(fancyhdr)                \setlength{\headheight}{13.59999pt}.
(fancyhdr)                You might also make \topmargin smaller:
(fancyhdr)                \addtolength{\topmargin}{-1.59999pt}.

[432]
Overfull \hbox (0.15007pt too wide) in paragraph at lines 17053--17059
[]\T1/ppl/m/it/10.95 I\TS1/ppl/m/it/10.95 '\T1/ppl/m/it/10.95 d never built a b
ar-ri-cade before---who has? But when
 []


Overfull \hbox (5.94267pt too wide) in paragraph at lines 17060--17067
[]\T1/ppl/m/it/10.95 We weren\TS1/ppl/m/it/10.95 '\T1/ppl/m/it/10.95 t try-ing 
to start a rev-o-lu-tion. We just wanted
 []


Overfull \hbox (7.84238pt too wide) in paragraph at lines 17076--17083
[]\T1/ppl/m/n/10.95 The sec-ond con-fronta-tion came at sun-set, when Cap-tain 
Black-
 []


Overfull \hbox (2.15318pt too wide) in paragraph at lines 17076--17083
\T1/ppl/m/n/10.95 ceived an-gry dis-patches from the cap-i-tal in-quir-ing why 
a provin-
 []




Package fancyhdr Warning: \headheight is too small (12.0pt): 
(fancyhdr)                Make it at least 13.59999pt, for example:
(fancyhdr)                \setlength{\headheight}{13.59999pt}.
(fancyhdr)                You might also make \topmargin smaller:
(fancyhdr)                \addtolength{\topmargin}{-1.59999pt}.

[433]
Overfull \hbox (1.08017pt too wide) in paragraph at lines 17099--17109
\T1/ppl/m/n/10.95 not pro-fes-sional ag-i-ta-tors but or-di-nary cit-i-zens who
 found them-
 []


Overfull \hbox (10.48662pt too wide) in paragraph at lines 17115--17122
[]\T1/ppl/m/it/10.95 The im-pro-vised weapons were everywhere---barrel staves
 []


Overfull \hbox (3.97163pt too wide) in paragraph at lines 17123--17129
\T1/ppl/m/it/10.95 oven pad-dles, which made ex-cel-lent shields when held prop
-
 []


Overfull \hbox (0.67542pt too wide) in paragraph at lines 17123--17129
\T1/ppl/m/it/10.95 out fires, tend-ing the wounded, keep-ing the sig-nal lanter
ns
 []




Package fancyhdr Warning: \headheight is too small (12.0pt): 
(fancyhdr)                Make it at least 13.59999pt, for example:
(fancyhdr)                \setlength{\headheight}{13.59999pt}.
(fancyhdr)                You might also make \topmargin smaller:
(fancyhdr)                \addtolength{\topmargin}{-1.59999pt}.

[434]


Package fancyhdr Warning: \headheight is too small (12.0pt): 
(fancyhdr)                Make it at least 13.59999pt, for example:
(fancyhdr)                \setlength{\headheight}{13.59999pt}.
(fancyhdr)                You might also make \topmargin smaller:
(fancyhdr)                \addtolength{\topmargin}{-1.59999pt}.

[435]
Overfull \hbox (10.8694pt too wide) in paragraph at lines 17178--17185
\T1/ppl/m/n/10.95 sol-diers, sup-ported by archers po-si-tioned on sur-round-in
g rooftops
 []


Overfull \hbox (10.31065pt too wide) in paragraph at lines 17178--17185
\T1/ppl/m/n/10.95 dis-cour-age fur-ther re-sis-tance while demon-strat-ing im-p
e-rial power
 []


Overfull \hbox (11.4494pt too wide) in paragraph at lines 17202--17207
\T1/ppl/m/it/10.95 vice cer-tifi-cates, birth reg-is-tra-tions. Within min-utes
, decades
 []




Package fancyhdr Warning: \headheight is too small (12.0pt): 
(fancyhdr)                Make it at least 13.59999pt, for example:
(fancyhdr)                \setlength{\headheight}{13.59999pt}.
(fancyhdr)                You might also make \topmargin smaller:
(fancyhdr)                \addtolength{\topmargin}{-1.59999pt}.

[436]
Overfull \hbox (11.01222pt too wide) in paragraph at lines 17208--17213
[]\T1/ppl/m/it/10.95 That\TS1/ppl/m/it/10.95 '\T1/ppl/m/it/10.95 s when someone
---I never found out who---shouted,
 []


Overfull \hbox (16.38301pt too wide) in paragraph at lines 17245--17254
[]\T1/ppl/m/n/10.95 The fire that con-sumed Valdris\TS1/ppl/m/n/10.95 '\T1/ppl/
m/n/10.95 s Ad-min-is-tra-tive Quar-ter burned
 []




Package fancyhdr Warning: \headheight is too small (12.0pt): 
(fancyhdr)                Make it at least 13.59999pt, for example:
(fancyhdr)                \setlength{\headheight}{13.59999pt}.
(fancyhdr)                You might also make \topmargin smaller:
(fancyhdr)                \addtolength{\topmargin}{-1.59999pt}.

[437]
Overfull \hbox (2.16371pt too wide) in paragraph at lines 17269--17276
\T1/ppl/m/it/10.95 and will re-quire im-me-di-ate in-ter-ven-tion by full le-gi
on force
 []




Package fancyhdr Warning: \headheight is too small (12.0pt): 
(fancyhdr)                Make it at least 13.59999pt, for example:
(fancyhdr)                \setlength{\headheight}{13.59999pt}.
(fancyhdr)                You might also make \topmargin smaller:
(fancyhdr)                \addtolength{\topmargin}{-1.59999pt}.

[438]
Overfull \hbox (18.85243pt too wide) in paragraph at lines 17295--17300
[]\T1/ppl/m/it/10.95 The irony is that this all be-gan with a re-li-gious cerem
ony---
 []


Overfull \hbox (4.03703pt too wide) in paragraph at lines 17301--17303
[]\T1/ppl/m/it/10.95 Send le-gions. Send them quickly. Be-fore the fire spreads

 []


Overfull \hbox (16.10875pt too wide) in paragraph at lines 17320--17327
[]\T1/ppl/m/n/10.95 Most sig-nif-i-cantly, the de-struc-tion of the ad-min-is-t
ra-tive archives
 []




Package fancyhdr Warning: \headheight is too small (12.0pt): 
(fancyhdr)                Make it at least 13.59999pt, for example:
(fancyhdr)                \setlength{\headheight}{13.59999pt}.
(fancyhdr)                You might also make \topmargin smaller:
(fancyhdr)                \addtolength{\topmargin}{-1.59999pt}.

[439]
Overfull \hbox (2.54242pt too wide) in paragraph at lines 17328--17333
[]\T1/ppl/m/n/10.95 But in the im-me-di-ate af-ter-math, as peo-ple gath-ered i
n Memo-
 []




Package fancyhdr Warning: \headheight is too small (12.0pt): 
(fancyhdr)                Make it at least 13.59999pt, for example:
(fancyhdr)                \setlength{\headheight}{13.59999pt}.
(fancyhdr)                You might also make \topmargin smaller:
(fancyhdr)                \addtolength{\topmargin}{-1.59999pt}.

[440]
Overfull \hbox (5.96983pt too wide) in paragraph at lines 17377--17380
[]\T1/ppl/m/n/10.95 WHEREAS, the ter-ri-to-ries com-pris-ing the Sa-cred Em-pir
e have
 []


Overfull \hbox (3.56064pt too wide) in paragraph at lines 17389--17393
[]\T1/ppl/m/n/10.95 AND WHEREAS, the Sa-cred Throne rec-og-nizes that the high-

 []


Overfull \hbox (4.45883pt too wide) in paragraph at lines 17394--17395
[]\T1/ppl/m/n/10.95 NOW THERE-FORE, by this Ir-re-vo-ca-ble De-cree, We do here
by
 []


Overfull \hbox (5.89763pt too wide) in paragraph at lines 17398--17404
\T1/ppl/m/n/10.95 er-nance over provin-cial ter-ri-to-ries, is hereby dis-solve
d. All claims
 []


Overfull \hbox (2.41008pt too wide) in paragraph at lines 17405--17406
[]\T1/ppl/b/n/10.95 ARTICLE II: TRANS-FER OF GOV-ERN-MEN-TAL POW-ERS 
 []




Package fancyhdr Warning: \headheight is too small (12.0pt): 
(fancyhdr)                Make it at least 13.59999pt, for example:
(fancyhdr)                \setlength{\headheight}{13.59999pt}.
(fancyhdr)                You might also make \topmargin smaller:
(fancyhdr)                \addtolength{\topmargin}{-1.59999pt}.

[441]
Overfull \hbox (3.91078pt too wide) in paragraph at lines 17417--17423
[]\T1/ppl/m/n/10.95 The phys-i-cal as-sets of Im-pe-rial Ad-min-is-tra-tion lo-
cated within
 []


Overfull \hbox (0.98154pt too wide) in paragraph at lines 17447--17453
\T1/ppl/m/n/10.95 all for-mer provinces that de-sire such con-tact, but as equa
ls rather
 []




Package fancyhdr Warning: \headheight is too small (12.0pt): 
(fancyhdr)                Make it at least 13.59999pt, for example:
(fancyhdr)                \setlength{\headheight}{13.59999pt}.
(fancyhdr)                You might also make \topmargin smaller:
(fancyhdr)                \addtolength{\topmargin}{-1.59999pt}.

[442]
Overfull \hbox (7.89238pt too wide) in paragraph at lines 17473--17474
\T1/ppl/b/n/10.95 Gaius Iron-will, Com-man-der of the Royal Guard; Lu-cinda Tru
th-
 []




Package fancyhdr Warning: \headheight is too small (12.0pt): 
(fancyhdr)                Make it at least 13.59999pt, for example:
(fancyhdr)                \setlength{\headheight}{13.59999pt}.
(fancyhdr)                You might also make \topmargin smaller:
(fancyhdr)                \addtolength{\topmargin}{-1.59999pt}.

[443]
Overfull \hbox (8.10988pt too wide) in paragraph at lines 17500--17503
\T1/ppl/m/it/10.95 Stone-heart, for-mer Im-pe-rial Gov-er-nor of Thes-sian Prov
ince] 
 []




Package fancyhdr Warning: \headheight is too small (12.0pt): 
(fancyhdr)                Make it at least 13.59999pt, for example:
(fancyhdr)                \setlength{\headheight}{13.59999pt}.
(fancyhdr)                You might also make \topmargin smaller:
(fancyhdr)                \addtolength{\topmargin}{-1.59999pt}.

[444]
Overfull \hbox (23.83426pt too wide) in paragraph at lines 17561--17568
\T1/ppl/m/it/10.95 of-fi-cially dis-solved the Em-pire, our first re-ac-tion wa
s laughter---
 []




Package fancyhdr Warning: \headheight is too small (12.0pt): 
(fancyhdr)                Make it at least 13.59999pt, for example:
(fancyhdr)                \setlength{\headheight}{13.59999pt}.
(fancyhdr)                You might also make \topmargin smaller:
(fancyhdr)                \addtolength{\topmargin}{-1.59999pt}.

[445]
Overfull \hbox (1.17393pt too wide) in paragraph at lines 17601--17608
[]\T1/ppl/m/n/10.95 In the moun-tain fortress of Drak-moor, where the an-cient 
ban-
 []




Package fancyhdr Warning: \headheight is too small (12.0pt): 
(fancyhdr)                Make it at least 13.59999pt, for example:
(fancyhdr)                \setlength{\headheight}{13.59999pt}.
(fancyhdr)                You might also make \topmargin smaller:
(fancyhdr)                \addtolength{\topmargin}{-1.59999pt}.

[446]


Package fancyhdr Warning: \headheight is too small (12.0pt): 
(fancyhdr)                Make it at least 13.59999pt, for example:
(fancyhdr)                \setlength{\headheight}{13.59999pt}.
(fancyhdr)                You might also make \topmargin smaller:
(fancyhdr)                \addtolength{\topmargin}{-1.59999pt}.

[447]
Overfull \hbox (6.09593pt too wide) in paragraph at lines 17662--17667
\T1/ppl/m/it/10.95 strong enough to stand on its own. Per-haps these provinces,

 []




Package fancyhdr Warning: \headheight is too small (12.0pt): 
(fancyhdr)                Make it at least 13.59999pt, for example:
(fancyhdr)                \setlength{\headheight}{13.59999pt}.
(fancyhdr)                You might also make \topmargin smaller:
(fancyhdr)                \addtolength{\topmargin}{-1.59999pt}.

[448]
Overfull \hbox (9.01877pt too wide) in paragraph at lines 17694--17698
\T1/ppl/m/it/10.95 re-mem-ber that we were priv-i-leged to serve some-thing gre
ater
 []


Overfull \hbox (2.54784pt too wide) in paragraph at lines 17730--17739
\T1/ppl/m/n/10.95 whose leg-endary strength had in-spired the first em-per-ors,
 whose
 []




Package fancyhdr Warning: \headheight is too small (12.0pt): 
(fancyhdr)                Make it at least 13.59999pt, for example:
(fancyhdr)                \setlength{\headheight}{13.59999pt}.
(fancyhdr)                You might also make \topmargin smaller:
(fancyhdr)                \addtolength{\topmargin}{-1.59999pt}.

[449]
Overfull \hbox (13.91348pt too wide) in paragraph at lines 17763--17770
\T1/ppl/m/it/10.95 man-age-able com-mu-ni-ties where it might flour-ish with gr
eater
 []




Package fancyhdr Warning: \headheight is too small (12.0pt): 
(fancyhdr)                Make it at least 13.59999pt, for example:
(fancyhdr)                \setlength{\headheight}{13.59999pt}.
(fancyhdr)                You might also make \topmargin smaller:
(fancyhdr)                \addtolength{\topmargin}{-1.59999pt}.

[450]
Overfull \hbox (5.81114pt too wide) in paragraph at lines 17777--17783
\T1/ppl/m/it/10.95 where all peo-ple could flourish---that ca-pac-ity was as st
rong
 []


Overfull \hbox (8.20833pt too wide) in paragraph at lines 17796--17801
\T1/ppl/m/n/10.95 be-ing raised---simpler de-signs that re-flected lo-cal tra-d
i-tions rather
 []


Overfull \hbox (2.66617pt too wide) in paragraph at lines 17803--17803
[]\T1/ppl/b/n/14.4 Supplementary: Mem-ory Pol-i-tics Af-ter the
 []




Package fancyhdr Warning: \headheight is too small (12.0pt): 
(fancyhdr)                Make it at least 13.59999pt, for example:
(fancyhdr)                \setlength{\headheight}{13.59999pt}.
(fancyhdr)                You might also make \topmargin smaller:
(fancyhdr)                \addtolength{\topmargin}{-1.59999pt}.

[451]
Overfull \hbox (7.57239pt too wide) in paragraph at lines 17837--17845
\T1/ppl/m/n/10.95 tentious. The Archives tech-ni-cally fell within the ter-ri-t
ory claimed
 []


Overfull \hbox (9.09515pt too wide) in paragraph at lines 17837--17845
\T1/ppl/m/n/10.95 their cre-ation. The re-sult-ing dis-pute be-came known as th
e Archive
 []


Overfull \hbox (7.28868pt too wide) in paragraph at lines 17837--17845
\T1/ppl/m/n/10.95 Wars, though thank-fully it in-volved le-gal ma-neu-ver-ing a
nd schol-
 []


Overfull \hbox (16.89146pt too wide) in paragraph at lines 17846--17854
\T1/ppl/m/n/10.95 heart (daugh-ter of the for-mer Im-pe-rial Chan-cel-lor), ini
-tially claimed
 []


Overfull \hbox (10.8141pt too wide) in paragraph at lines 17846--17854
\T1/ppl/m/n/10.95 these re-sources to es-tab-lish le-git-i-mate gov-er-nance st
ruc-tures. They
 []


Overfull \hbox (2.44875pt too wide) in paragraph at lines 17846--17854
\T1/ppl/m/n/10.95 cant fi-nan-cial re-sources and ad-min-is-tra-tive ex-per-tis
e that smaller
 []




Package fancyhdr Warning: \headheight is too small (12.0pt): 
(fancyhdr)                Make it at least 13.59999pt, for example:
(fancyhdr)                \setlength{\headheight}{13.59999pt}.
(fancyhdr)                You might also make \topmargin smaller:
(fancyhdr)                \addtolength{\topmargin}{-1.59999pt}.

[452]
Overfull \hbox (11.6035pt too wide) in paragraph at lines 17860--17867
[]\T1/ppl/m/it/10.95 The Im-pe-rial Archives rep-re-sent one of hu-man-ity\TS1/
ppl/m/it/10.95 '\T1/ppl/m/it/10.95 s great-
 []




Package fancyhdr Warning: \headheight is too small (12.0pt): 
(fancyhdr)                Make it at least 13.59999pt, for example:
(fancyhdr)                \setlength{\headheight}{13.59999pt}.
(fancyhdr)                You might also make \topmargin smaller:
(fancyhdr)                \addtolength{\topmargin}{-1.59999pt}.

[453]


Package fancyhdr Warning: \headheight is too small (12.0pt): 
(fancyhdr)                Make it at least 13.59999pt, for example:
(fancyhdr)                \setlength{\headheight}{13.59999pt}.
(fancyhdr)                You might also make \topmargin smaller:
(fancyhdr)                \addtolength{\topmargin}{-1.59999pt}.

[454]
Overfull \hbox (1.68788pt too wide) in paragraph at lines 17934--17941
[]\T1/ppl/m/n/10.95 The de-bate over archive dis-tri-bu-tion con-tin-ued for tw
o years,
 []




Package fancyhdr Warning: \headheight is too small (12.0pt): 
(fancyhdr)                Make it at least 13.59999pt, for example:
(fancyhdr)                \setlength{\headheight}{13.59999pt}.
(fancyhdr)                You might also make \topmargin smaller:
(fancyhdr)                \addtolength{\topmargin}{-1.59999pt}.

[455]
Overfull \hbox (31.2686pt too wide) in paragraph at lines 17998--18003
\T1/ppl/m/it/10.95 not the end of civ-i-liza-tion but the be-gin-ning of self-d
etermination.
 []


Overfull \hbox (0.91537pt too wide) in paragraph at lines 18007--18016
\T1/ppl/m/n/10.95 served but dis-played with con-tex-tual in-for-ma-tion that e
x-plained
 []




Package fancyhdr Warning: \headheight is too small (12.0pt): 
(fancyhdr)                Make it at least 13.59999pt, for example:
(fancyhdr)                \setlength{\headheight}{13.59999pt}.
(fancyhdr)                You might also make \topmargin smaller:
(fancyhdr)                \addtolength{\topmargin}{-1.59999pt}.

[456]
Overfull \hbox (1.79068pt too wide) in paragraph at lines 18017--18023
\T1/ppl/m/n/10.95 out cel-e-brat-ing im-pe-rial pol-i-tics. These events typ-i-
cally in-volved
 []




Package fancyhdr Warning: \headheight is too small (12.0pt): 
(fancyhdr)                Make it at least 13.59999pt, for example:
(fancyhdr)                \setlength{\headheight}{13.59999pt}.
(fancyhdr)                You might also make \topmargin smaller:
(fancyhdr)                \addtolength{\topmargin}{-1.59999pt}.

[457]
Overfull \hbox (12.68776pt too wide) in paragraph at lines 18054--18060
\T1/ppl/m/it/10.95 edge that com-plex-ity rather than try-ing to sim-plify it t
hrough
 []


Overfull \hbox (2.67876pt too wide) in paragraph at lines 18062--18068
\T1/ppl/m/n/10.95 fac-tions re-flected deeper dis-agree-ments about how post-im
perial
 []


Overfull \hbox (18.65498pt too wide) in paragraph at lines 18082--18090
\T1/ppl/m/n/10.95 nomic anal-y-sis, and per-sonal cor-re-spon-dence be-tween hi
gh-ranking
 []


Overfull \hbox (13.2019pt too wide) in paragraph at lines 18091--18098
\T1/ppl/m/n/10.95 vealed the com-plex ne-go-ti-a-tions and com-pro-mises that h
ad shaped
 []




Package fancyhdr Warning: \headheight is too small (12.0pt): 
(fancyhdr)                Make it at least 13.59999pt, for example:
(fancyhdr)                \setlength{\headheight}{13.59999pt}.
(fancyhdr)                You might also make \topmargin smaller:
(fancyhdr)                \addtolength{\topmargin}{-1.59999pt}.

[458]
Overfull \hbox (6.63155pt too wide) in paragraph at lines 18118--18124
\T1/ppl/m/it/10.95 fi-cial nar-ra-tives that will be pre-served in the pub-lic 
archives.
 []


Overfull \hbox (9.42361pt too wide) in paragraph at lines 18125--18131
\T1/ppl/m/it/10.95 mo-ti-vated by gen-uine con-cern for im-pe-rial cit-i-zens o
r merely
 []




Package fancyhdr Warning: \headheight is too small (12.0pt): 
(fancyhdr)                Make it at least 13.59999pt, for example:
(fancyhdr)                \setlength{\headheight}{13.59999pt}.
(fancyhdr)                You might also make \topmargin smaller:
(fancyhdr)                \addtolength{\topmargin}{-1.59999pt}.

[459]
Overfull \hbox (7.85826pt too wide) in paragraph at lines 18132--18139
\T1/ppl/m/it/10.95 ments, and I have watched that em-pire de-stroy it-self thro
ugh
 []


Overfull \hbox (1.89075pt too wide) in paragraph at lines 18140--18144
[]\T1/ppl/m/it/10.95 Both stories---the story of im-pe-rial fail-ure and the st
ory
 []


Overfull \hbox (8.49324pt too wide) in paragraph at lines 18167--18174
\T1/ppl/m/n/10.95 lish-ment of the In-de-pen-dent His-tor-i-cal Re-view Com-mis
-sion, com-
 []




Package fancyhdr Warning: \headheight is too small (12.0pt): 
(fancyhdr)                Make it at least 13.59999pt, for example:
(fancyhdr)                \setlength{\headheight}{13.59999pt}.
(fancyhdr)                You might also make \topmargin smaller:
(fancyhdr)                \addtolength{\topmargin}{-1.59999pt}.

[460]
Overfull \hbox (4.04263pt too wide) in paragraph at lines 18203--18209
[]\T1/ppl/m/n/10.95 The cul-tural di-men-sion ad-dressed the preser-va-tion and
 trans-
 []




Package fancyhdr Warning: \headheight is too small (12.0pt): 
(fancyhdr)                Make it at least 13.59999pt, for example:
(fancyhdr)                \setlength{\headheight}{13.59999pt}.
(fancyhdr)                You might also make \topmargin smaller:
(fancyhdr)                \addtolength{\topmargin}{-1.59999pt}.

[461]
Overfull \hbox (2.1535pt too wide) in paragraph at lines 18219--18222
\T1/ppl/m/it/10.95 a-bil-ity: High | Source: Pro-ceed-ings of the Inter-Provinc
ial
 []


Overfull \hbox (0.59886pt too wide) in paragraph at lines 18230--18236
[]\T1/ppl/m/it/10.95 Speaker Mar-cus Stone-heart (Thes-sian Re-pub-lic): "But
 []




Package fancyhdr Warning: \headheight is too small (12.0pt): 
(fancyhdr)                Make it at least 13.59999pt, for example:
(fancyhdr)                \setlength{\headheight}{13.59999pt}.
(fancyhdr)                You might also make \topmargin smaller:
(fancyhdr)                \addtolength{\topmargin}{-1.59999pt}.

[462]
Underfull \vbox (badness 10000) has occurred while \output is active []




Package fancyhdr Warning: \headheight is too small (12.0pt): 
(fancyhdr)                Make it at least 13.59999pt, for example:
(fancyhdr)                \setlength{\headheight}{13.59999pt}.
(fancyhdr)                You might also make \topmargin smaller:
(fancyhdr)                \addtolength{\topmargin}{-1.59999pt}.

[463]
Overfull \hbox (0.36879pt too wide) in paragraph at lines 18289--18295
\T1/ppl/m/n/10.95 sta-bi-lize, a new pro-fes-sion emerged to ad-dress the com-p
lex chal-
 []




Package fancyhdr Warning: \headheight is too small (12.0pt): 
(fancyhdr)                Make it at least 13.59999pt, for example:
(fancyhdr)                \setlength{\headheight}{13.59999pt}.
(fancyhdr)                You might also make \topmargin smaller:
(fancyhdr)                \addtolength{\topmargin}{-1.59999pt}.

[464]
Overfull \hbox (3.27017pt too wide) in paragraph at lines 18331--18336
[]\T1/ppl/m/it/10.95 Remember that mem-ory is not sim-ply in-for-ma-tion stor-
 []


Overfull \hbox (7.2944pt too wide) in paragraph at lines 18350--18356
[]\T1/ppl/m/n/10.95 The Mem-ory Keep-ers quickly be-came es-sen-tial fig-ures i
n post-
 []




Package fancyhdr Warning: \headheight is too small (12.0pt): 
(fancyhdr)                Make it at least 13.59999pt, for example:
(fancyhdr)                \setlength{\headheight}{13.59999pt}.
(fancyhdr)                You might also make \topmargin smaller:
(fancyhdr)                \addtolength{\topmargin}{-1.59999pt}.

[465]
Overfull \hbox (0.47786pt too wide) in paragraph at lines 18367--18372
\T1/ppl/m/n/10.95 fes-sional com-mit-ment to his-tor-i-cal com-plex-ity and nu-
ance made
 []


Overfull \hbox (7.50786pt too wide) in paragraph at lines 18395--18401
\T1/ppl/m/n/10.95 from its mis-takes rather than sim-ply re-peat-ing them in ne
w forms. 
 []




Package fancyhdr Warning: \headheight is too small (12.0pt): 
(fancyhdr)                Make it at least 13.59999pt, for example:
(fancyhdr)                \setlength{\headheight}{13.59999pt}.
(fancyhdr)                You might also make \topmargin smaller:
(fancyhdr)                \addtolength{\topmargin}{-1.59999pt}.

[466]
Overfull \hbox (2.68515pt too wide) in paragraph at lines 18410--18420
[]\T1/ppl/m/n/10.95 Thus ended the Em-pire that had dom-i-nated the known world

 []


Overfull \hbox (8.26349pt too wide) in paragraph at lines 18421--18429
\T1/ppl/m/n/10.95 tools---the archives, the mem-o-ries, the prece-dents, the wa
rnings---
 []


Overfull \hbox (6.13972pt too wide) in paragraph at lines 18442--18446
[]\T1/ppl/m/n/10.95 House of the Wind-Dancers (DA 1-233): Founded by Cloud-
 []


Overfull \hbox (3.11752pt too wide) in paragraph at lines 18446--18449
\T1/ppl/m/n/10.95 Ash-Cloth, main-tained the sa-cred memory-cycles and cloth
 []




Package fancyhdr Warning: \headheight is too small (12.0pt): 
(fancyhdr)                Make it at least 13.59999pt, for example:
(fancyhdr)                \setlength{\headheight}{13.59999pt}.
(fancyhdr)                You might also make \topmargin smaller:
(fancyhdr)                \addtolength{\topmargin}{-1.59999pt}.

[467]
Overfull \hbox (4.88031pt too wide) in paragraph at lines 18467--18470
\T1/ppl/m/n/10.95 dom-i-nated river-mouth com-merce and oceanic ex-plo-ration. 

 []


Overfull \hbox (0.48947pt too wide) in paragraph at lines 18500--18503
[]\T1/ppl/m/n/10.95 House of the Crim-son Ea-gle (TA 234-789): Land-based mil-
 []




Package fancyhdr Warning: \headheight is too small (12.0pt): 
(fancyhdr)                Make it at least 13.59999pt, for example:
(fancyhdr)                \setlength{\headheight}{13.59999pt}.
(fancyhdr)                You might also make \topmargin smaller:
(fancyhdr)                \addtolength{\topmargin}{-1.59999pt}.

[468]
Overfull \hbox (11.48381pt too wide) in paragraph at lines 18540--18543
[]\T1/ppl/m/n/10.95 FE-SA-B2-ANN-001 through FE-SA-B2-ANN-156: Salt Court
 []


Overfull \hbox (6.98354pt too wide) in paragraph at lines 18543--18545
[]\T1/ppl/m/n/10.95 FE-TA-B3-ANN-001 through FE-TA-B3-ANN-203: Sky Lord
 []




Package fancyhdr Warning: \headheight is too small (12.0pt): 
(fancyhdr)                Make it at least 13.59999pt, for example:
(fancyhdr)                \setlength{\headheight}{13.59999pt}.
(fancyhdr)                You might also make \topmargin smaller:
(fancyhdr)                \addtolength{\topmargin}{-1.59999pt}.

[469]


Package fancyhdr Warning: \headheight is too small (12.0pt): 
(fancyhdr)                Make it at least 13.59999pt, for example:
(fancyhdr)                \setlength{\headheight}{13.59999pt}.
(fancyhdr)                You might also make \topmargin smaller:
(fancyhdr)                \addtolength{\topmargin}{-1.59999pt}.

[470])


Package fancyhdr Warning: \headheight is too small (12.0pt): 
(fancyhdr)                Make it at least 13.59999pt, for example:
(fancyhdr)                \setlength{\headheight}{13.59999pt}.
(fancyhdr)                You might also make \topmargin smaller:
(fancyhdr)                \addtolength{\topmargin}{-1.59999pt}.

[471] (./flag-empires.aux)
 ***********
LaTeX2e <2024-11-01> patch level 2
L3 programming layer <2025-01-18>
 ***********
 ) 
Here is how much of TeX's memory you used:
 2325 strings out of 475178
 42210 string characters out of 5766539
 442648 words of memory out of 5000000
 25320 multiletter control sequences out of 15000+600000
 591252 words of font info for 100 fonts, out of 8000000 for 9000
 14 hyphenation exceptions out of 8191
 57i,12n,72p,218b,401s stack positions out of 10000i,1000n,20000p,200000b,200000s
</usr/share/texlive/texmf-dist/fonts/type1/urw/palatino/uplb8a.pfb></usr/shar
e/texlive/texmf-dist/fonts/type1/urw/palatino/uplbi8a.pfb></usr/share/texlive/t
exmf-dist/fonts/type1/urw/palatino/uplr8a.pfb></usr/share/texlive/texmf-dist/fo
nts/type1/urw/palatino/uplri8a.pfb>
Output written on flag-empires.pdf (483 pages, 1040747 bytes).
PDF statistics:
 1583 PDF objects out of 1728 (max. 8388607)
 1079 compressed objects within 11 object streams
 0 named destinations out of 1000 (max. 500000)
 1 words of extra memory for PDF output out of 10000 (max. 10000000)

